ID,Category,Part,Section,Question,A,B,C,D,Answer,Explanation
1,業績・売上,Reading,Section1,新商品のヒットが売り上げに（　　　）。,貢献する,回復する,獲得する,転じる,1,貢献する = góp phần vào doanh thu
2,業績・売上,Reading,Section1,海外市場での販売が好調で、売り上げが（　　　）。,落ち込む,悪化する,伸びる,転じる,3,売り上げが伸びる = doanh thu tăng
3,業績・売上,Reading,Section1,景気低迷の影響で売り上げが（　　　）。,伸びる,落ち込む,回復する,拡大する,2,売り上げが落ち込む = doanh thu sụt giảm
4,業績・売上,Reading,Section1,利益率の高い商品を増やして利益を（　　　）。,抱える,回復する,上げる,獲得する,3,利益を上げる = tăng lợi nhuận
5,業績・売上,Reading,Section1,原材料費の高騰で業績が（　　　）。,回復する,悪化する,伸びる,貢献する,2,業績が悪化する = kết quả kinh doanh xấu đi
6,業績・売上,Reading,Section1,新戦略の効果で業績を（　　　）。,回復する,抱える,転じる,参入する,1,業績を回復する = khôi phục kết quả kinh doanh
7,業績・売上,Reading,Section1,営業活動を強化して業績を（　　　）。,悪化する,伸ばす,落ち込む,抱える,2,業績を伸ばす = nâng cao thành tích kinh doanh
8,業績・売上,Reading,Section1,来年度から海外市場に（　　　）計画だ。,獲得する,拡大する,参入する,貢献する,3,市場に参入する = tham gia thị trường
9,業績・売上,Reading,Section1,アジア地域でシェアを（　　　）。,回復する,拡大する,抱える,悪化する,2,シェアを拡大する = mở rộng thị phần
10,業績・売上,Reading,Section1,新サービスで若年層の顧客を（　　　）。,獲得する,落ち込む,転じる,伸びる,1,顧客を獲得する = thu hút khách hàng
11,業績・売上,Reading,Section1,SNSで話題となり需要が（　　　）。,落ち込む,悪化する,高まる,抱える,3,需要が高まる = nhu cầu tăng lên
12,業績・売上,Reading,Section1,物価上昇の影響で消費が（　　　）。,高まる,落ち込む,拡大する,獲得する,2,消費が落ち込む = tiêu dùng sụt giảm
13,業績・売上,Reading,Section1,大型投資の失敗で赤字を（　　　）。,回復する,転じる,抱える,高める,3,赤字を抱える = bị thâm hụt
14,業績・売上,Reading,Section1,コスト削減の結果、黒字に（　　　）。,参入する,転じる,獲得する,悪化する,2,黒字に転じる = chuyển sang có lãi
15,業績・売上,Reading,Section1,広告効果が売り上げに（　　　）。,貢献する,落ち込む,抱える,参入する,1,売り上げに貢献する = góp phần vào doanh thu
16,業績・売上,Reading,Section1,新店舗のオープンで売り上げが（　　　）。,悪化する,伸びる,転じる,回復する,2,売り上げが伸びる = doanh thu tăng
17,業績・売上,Reading,Section1,経営改革によって業績を（　　　）。,回復する,抱える,獲得する,落ち込む,1,業績を回復する = khôi phục kết quả kinh doanh
18,業績・売上,Reading,Section1,積極的な営業活動で顧客を（　　　）。,高める,伸ばす,獲得する,悪化する,3,顧客を獲得する = thu hút khách hàng
19,業績・売上,Reading,Section1,新商品の発売で需要が（　　　）。,落ち込む,高まる,抱える,転じる,2,需要が高まる = nhu cầu tăng lên
20,業績・売上,Reading,Section1,長年の赤字経営から黒字に（　　　）。,転じる,獲得する,参入する,貢献する,1,黒字に転じる = chuyển từ lỗ sang lãi
21,業績・売上,Reading,Section1,今年は売上高が前年を（　　　）。,下回る,上回る,達成する,回避する,2,売上高が前年を上回る = doanh thu năm nay vượt năm trước
22,業績・売上,Reading,Section1,景気悪化の影響で売上高が前年を（　　　）。,上回る,活性化する,下回る,達成する,3,売上高が前年を下回る = doanh thu thấp hơn năm trước
23,業績・売上,Reading,Section1,今期は売上目標を（　　　）ことができた。,達成する,下回る,回避する,削減する,1,売上目標を達成する = đạt mục tiêu doanh thu
24,業績・売上,Reading,Section1,売上は増加したが、売上目標を（　　　）。,達成する,活性化する,上回る,下回る,4,売上目標を下回る = không đạt mục tiêu doanh thu
25,業績・売上,Reading,Section1,新商品の売れ行きが（　　　）。,好調だ,鈍い,さっぱりだ,冷え込む,1,売れ行きが好調だ = bán rất chạy
26,業績・売上,Reading,Section1,この商品は発売後も売れ行きが（　　　）。,好調だ,活性化する,鈍い,増加する,3,売れ行きが鈍い = bán chậm
27,業績・売上,Reading,Section1,広告を出したが売れ行きが（　　　）。,増加する,さっぱりだ,好調だ,活性化する,2,売れ行きがさっぱりだ = bán rất chậm
28,業績・売上,Reading,Section1,キャンペーンの効果で販売数が（　　　）。,増加する,減少する,冷え込む,下回る,1,販売数が増加する = số lượng bán tăng
29,業績・売上,Reading,Section1,値上げの影響で販売数が（　　　）。,増加する,活性化する,減少する,回避する,3,販売数が減少する = số lượng bán giảm
30,業績・売上,Reading,Section1,今年は販売数の前年割れを（　　　）ことができた。,回避する,獲得する,削減する,開拓する,1,前年割れを回避する = tránh được việc thấp hơn năm trước
31,業績・売上,Reading,Section1,物価高の影響で市場が（　　　）。,活性化する,回復する,冷え込む,増加する,3,市場が冷え込む = thị trường ảm đạm
32,業績・売上,Reading,Section1,新たな政策によって市場が（　　　）。,活性化する,冷え込む,落ち込む,減少する,1,市場が活性化する = thị trường sôi động
33,業績・売上,Reading,Section1,景気低迷のため需要が（　　　）。,高まる,落ち込む,活性化する,拡大する,2,需要が落ち込む = nhu cầu giảm mạnh
34,業績・売上,Reading,Section1,営業部は新規顧客を（　　　）ため展示会に参加した。,回避する,開拓する,削減する,管理する,2,新規顧客を開拓する = khai thác khách hàng mới
35,業績・売上,Reading,Section1,海外進出によって販路を（　　　）。,拡大する,減少する,回避する,下回る,1,販路を拡大する = mở rộng kênh tiêu thụ
36,業績・売上,Reading,Section1,競合他社の参入で価格競争が（　　　）。,回復する,改善する,激化する,確保する,3,価格競争が激化する = cạnh tranh giá gay gắt
37,業績・売上,Reading,Section1,利益を確保するためコストを（　　　）。,活性化する,削減する,開拓する,獲得する,2,コストを削減する = cắt giảm chi phí
38,業績・売上,Reading,Section1,原価の見直しによって利益率を（　　　）。,確保する,改善する,獲得する,回復する,2,利益率を改善する = cải thiện tỷ suất lợi nhuận
39,業績・売上,Reading,Section1,この事業は十分に採算が（　　　）。,合う,落ち込む,回復する,確保する,1,"採算が合う = có lãi, đạt hiệu quả kinh tế"
40,業績・売上,Reading,Section1,人件費が高すぎて採算が（　　　）。,確保する,合う,合わない,改善する,3,採算が合わない = không có lãi
41,業績・売上,Reading,Section1,会社は安定した収益を（　　　）必要がある。,確保する,獲得する,回復する,落ち込む,1,収益を確保する = đảm bảo lợi nhuận
42,業績・売上,Reading,Section1,新規事業によって収益源を（　　　）。,改善する,確保する,合う,低迷する,2,収益源を確保する = đảm bảo nguồn thu
43,業績・売上,Reading,Section1,輸出の増加により景気が（　　　）。,落ち込む,低迷する,回復する,激化する,3,景気が回復する = kinh tế phục hồi
44,業績・売上,Reading,Section1,個人消費の低下で景気が（　　　）。,回復する,低迷する,確保する,改善する,2,景気が低迷する = kinh tế trì trệ
45,業績・売上,Reading,Section1,原油価格に高騰の兆しが（　　　）。,見える,合う,獲得する,回復する,1,高騰の兆しが見える = xuất hiện dấu hiệu tăng mạnh
46,業績・売上,Reading,Section1,新商品の成功で市場シェアを（　　　）。,確保する,回復する,獲得する,低迷する,3,市場シェアを獲得する = giành được thị phần
47,業績・売上,Reading,Section1,コスト削減によって利益率を（　　　）。,改善する,合う,落ち込む,見える,1,利益率を改善する = cải thiện tỷ suất lợi nhuận
48,業績・売上,Reading,Section1,赤字事業を整理した結果、採算が（　　　）ようになった。,合わない,合う,低迷する,回復する,2,採算が合う = có lãi
49,業績・売上,Reading,Section1,売上は増えたが、まだ採算が（　　　）。,合う,改善する,合わない,見える,3,採算が合わない = chưa có lãi
50,業績・売上,Reading,Section1,経営の安定には収益を（　　　）ことが不可欠だ。,回復する,確保する,獲得する,合う,2,収益を確保する = đảm bảo lợi nhuận
51,業績・売上,Reading,Section1,企業は新たな収益源を（　　　）必要がある。,確保する,落ち込む,合う,低迷する,1,収益源を確保する = đảm bảo nguồn thu mới
52,業績・売上,Reading,Section1,政府の経済対策により景気が（　　　）。,激化する,回復する,見える,合わない,2,景気が回復する = kinh tế phục hồi
53,業績・売上,Reading,Section1,長引く不況で景気が（　　　）。,回復する,改善する,低迷する,獲得する,3,景気が低迷する = kinh tế trì trệ
54,業績・売上,Reading,Section1,金価格に高騰の兆しが（　　　）。,確保する,合う,見える,回復する,3,高騰の兆しが見える = xuất hiện dấu hiệu giá vàng tăng mạnh
55,業績・売上,Reading,Section1,新規顧客の獲得によって市場シェアを（　　　）。,低迷する,獲得する,合わない,落ち込む,2,市場シェアを獲得する = giành được thị phần
56,企画・プロジェクト,Reading,Section1,新商品の開発に向けて、まず計画を（　　　）。,立てる,固める,練る,把握する,1,計画を立てる = lập kế hoạch
57,企画・プロジェクト,Reading,Section1,会議で議論を重ね、最終的に方針を（　　　）。,洗い出す,固める,移す,確認する,2,方針を固める = thống nhất phương hướng
58,企画・プロジェクト,Reading,Section1,企画書を作成するために、まず原案を（　　　）。,練る,詰める,まとめる,把握する,3,原案をまとめる = tổng hợp bản dự thảo
59,企画・プロジェクト,Reading,Section1,より良い企画にするため、案を（　　　）。,練る,固める,移す,解決する,1,案を練る = trau chuốt phương án
60,企画・プロジェクト,Reading,Section1,会議の前に提案内容を（　　　）必要がある。,把握する,詰める,洗い出す,確認する,2,内容を詰める = hoàn thiện chi tiết
61,企画・プロジェクト,Reading,Section1,契約条件について取引先と話を（　　　）。,解決する,固める,詰める,移す,3,話を詰める = thảo luận kỹ
62,企画・プロジェクト,Reading,Section1,検討していた企画をいよいよ実行に（　　　）。,移す,向ける,固める,把握する,1,実行に移す = đưa vào thực hiện
63,企画・プロジェクト,Reading,Section1,新サービスの実現に（　　　）準備を進めている。,移して,向けて,詰めて,固めて,2,〜に向けて = hướng tới
64,企画・プロジェクト,Reading,Section1,コスト削減のための解決策を（　　　）。,把握する,解決する,模索する,確認する,3,解決策を模索する = tìm kiếm giải pháp
65,企画・プロジェクト,Reading,Section1,チーム全員で問題を（　　　）。,解決する,模索する,把握する,固める,1,問題を解決する = giải quyết vấn đề
66,企画・プロジェクト,Reading,Section1,売上低迷という課題に（　　　）。,詰める,取り組む,移す,向ける,2,課題に取り組む = xử lý vấn đề
67,企画・プロジェクト,Reading,Section1,改善策を考える前に問題点を（　　　）。,洗い出す,把握する,確認する,練る,1,問題点を洗い出す = liệt kê vấn đề
68,企画・プロジェクト,Reading,Section1,契約内容の詳細を（　　　）うえで判断したい。,洗い出す,練る,確認する,解決する,3,内容を確認する = kiểm tra nội dung
69,企画・プロジェクト,Reading,Section1,まず現場の実態を（　　　）必要がある。,把握する,詰める,固める,移す,1,実態を把握する = nắm tình hình thực tế
70,企画・プロジェクト,Reading,Section1,そのアイデアを実行可能な形に（　　　）。,練る,落とし込む,向ける,確認する,2,落とし込む = chuyển thành phương án thực hiện được
71,企画・プロジェクト,Reading,Section1,新商品の発売に向けて計画を（　　　）。,立てる,解決する,把握する,模索する,1,計画を立てる = lập kế hoạch
72,企画・プロジェクト,Reading,Section1,プロジェクト開始前に基本方針を（　　　）。,向ける,固める,洗い出す,落とし込む,2,方針を固める = thống nhất phương châm
73,企画・プロジェクト,Reading,Section1,各部署の意見を取り入れて原案を（　　　）。,まとめる,模索する,確認する,移す,1,原案をまとめる = tổng hợp bản dự thảo
74,企画・プロジェクト,Reading,Section1,顧客の要望を反映しながら案を（　　　）。,把握する,練る,解決する,向ける,2,案を練る = hoàn thiện phương án
75,企画・プロジェクト,Reading,Section1,市場調査の結果を実行可能な形に（　　　）。,落とし込む,固める,詰める,模索する,1,結果を落とし込む = chuyển thành phương án thực hiện được
76,企画・プロジェクト,Reading,Section1,新商品の発売に向けて、まず企画を（　　　）。,立てる,推進する,見直す,管理する,1,企画を立てる = lập kế hoạch dự án
77,企画・プロジェクト,Reading,Section1,アイデアを現実的な提案にするため、企画を（　　　）。,管理する,具体化する,修正する,推進する,2,企画を具体化する = cụ thể hóa kế hoạch
78,企画・プロジェクト,Reading,Section1,来年度の事業計画を（　　　）ことになった。,修正する,推進する,策定する,組む,3,事業計画を策定する = xây dựng kế hoạch kinh doanh
79,企画・プロジェクト,Reading,Section1,会社は新しい経営方針を（　　　）。,固める,打ち出す,見直す,把握する,2,経営方針を打ち出す = đưa ra định hướng quản lý
80,企画・プロジェクト,Reading,Section1,会議の前に企画書の骨子を（　　　）。,まとめる,推進する,修正する,管理する,1,骨子をまとめる = tổng hợp ý chính
81,企画・プロジェクト,Reading,Section1,新規事業としてプロジェクトを（　　　）ことになった。,推進する,管理する,立ち上げる,見直す,3,プロジェクトを立ち上げる = khởi động dự án
82,企画・プロジェクト,Reading,Section1,チーム全員でプロジェクトを（　　　）。,推進する,立ち上げる,修正する,管理する,1,プロジェクトを推進する = thúc đẩy dự án
83,企画・プロジェクト,Reading,Section1,来月から新システムの導入に（　　　）。,承認する,合意する,着手する,修正する,3,導入に着手する = bắt tay vào triển khai
84,企画・プロジェクト,Reading,Section1,まず全体のスケジュールを（　　　）必要がある。,推進する,管理する,組む,修正する,3,スケジュールを組む = lập lịch trình
85,企画・プロジェクト,Reading,Section1,生産ラインでは工程を（　　　）ことが重要だ。,見直す,組む,推進する,打ち出す,2,工程を組む = sắp xếp công đoạn
86,企画・プロジェクト,Reading,Section1,マネージャーはプロジェクトの進捗を（　　　）。,把握する,具体化する,管理する,策定する,3,進捗を管理する = quản lý tiến độ
87,企画・プロジェクト,Reading,Section1,状況の変化に応じて計画を（　　　）。,見直す,推進する,組む,立てる,1,計画を見直す = xem xét lại kế hoạch
88,企画・プロジェクト,Reading,Section1,市場環境の変化に合わせて方針を（　　　）。,管理する,軌道修正する,立ち上げる,策定する,2,方針を軌道修正する = điều chỉnh phương hướng
89,企画・プロジェクト,Reading,Section1,限られた人員の中では優先順位を（　　　）ことが重要だ。,組む,得る,付ける,図る,3,優先順位を付ける = xác định thứ tự ưu tiên
90,企画・プロジェクト,Reading,Section1,実施前に関係者の合意を（　　　）必要がある。,得る,管理する,推進する,組む,1,合意を得る = nhận được sự đồng thuận
91,企画・プロジェクト,Reading,Section1,会議で出た意見をもとに最終案を（　　　）。,管理する,打ち出す,まとめる,見直す,3,最終案をまとめる = hoàn thiện phương án cuối cùng
92,企画・プロジェクト,Reading,Section1,新制度を導入する前に上司の承認を（　　　）。,図る,得る,組む,立てる,2,承認を得る = nhận được sự phê duyệt
93,企画・プロジェクト,Reading,Section1,その事業の実現性を（　　　）必要がある。,検討する,管理する,修正する,推進する,1,実現性を検討する = xem xét tính khả thi
94,企画・プロジェクト,Reading,Section1,関係部署との合意形成を（　　　）ことが重要だ。,得る,図る,組む,打ち出す,2,合意形成を図る = thúc đẩy sự đồng thuận
95,企画・プロジェクト,Reading,Section1,作業を円滑に進めるため、事前に段取りを（　　　）。,付ける,得る,組む,検討する,3,段取りを組む = sắp xếp trình tự công việc
96,企画・プロジェクト,Reading,Section1,来週の会議までに最終案を（　　　）必要がある。,まとめる,推進する,管理する,得る,1,最終案をまとめる = hoàn thiện phương án cuối cùng
97,企画・プロジェクト,Reading,Section1,プロジェクト開始には経営陣の承認を（　　　）ことが不可欠だ。,図る,得る,組む,打ち出す,2,承認を得る = nhận được sự phê duyệt
98,企画・プロジェクト,Reading,Section1,新商品の実現性を（　　　）ために市場調査を行った。,管理する,推進する,検討する,得る,3,実現性を検討する = xem xét tính khả thi
99,企画・プロジェクト,Reading,Section1,関係者との合意形成を（　　　）ために説明会を開いた。,打ち出す,得る,図る,組む,3,合意形成を図る = thúc đẩy sự đồng thuận
100,企画・プロジェクト,Reading,Section1,イベント当日の混乱を避けるため段取りを（　　　）。,組む,検討する,得る,付ける,1,段取りを組む = sắp xếp trình tự công việc
101,企画・プロジェクト,Reading,Section1,部内で意見を集約し最終案を（　　　）。,管理する,まとめる,推進する,打ち出す,2,最終案をまとめる = hoàn thiện phương án cuối cùng
102,企画・プロジェクト,Reading,Section1,予算執行前に役員の承認を（　　　）。,得る,組む,図る,検討する,1,承認を得る = nhận được sự phê duyệt
103,企画・プロジェクト,Reading,Section1,計画の実現性を（　　　）うえで実施を決定した。,管理した,推進した,検討した,得た,3,実現性を検討する = xem xét tính khả thi
104,企画・プロジェクト,Reading,Section1,全社員との合意形成を（　　　）ことが課題となっている。,得る,図る,打ち出す,組む,2,合意形成を図る = tạo sự đồng thuận
105,企画・プロジェクト,Reading,Section1,作業効率を上げるため段取りを（　　　）直した。,得,組み,図り,検討し,2,段取りを組み直す = sắp xếp lại trình tự công việc
106,会議・打ち合わせ,Reading,Section1,来週の月曜日に会議を（　　　）予定です。,開く,交わす,一致させる,配布する,1,会議を開く = tổ chức cuộc họp
107,会議・打ち合わせ,Reading,Section1,会議では参加者同士で意見を（　　　）。,分かれる,交わす,報告する,控える,2,意見を交わす = trao đổi ý kiến
108,会議・打ち合わせ,Reading,Section1,新商品の方向性について意見が（　　　）。,一致する,分かれる,報告する,開く,2,意見が分かれる = ý kiến bị chia thành nhiều hướng
109,会議・打ち合わせ,Reading,Section1,この問題を次回の会議で議題に（　　　）。,配布する,一致させる,上げる,報告する,3,議題に上げる = đưa vào chương trình nghị sự
110,会議・打ち合わせ,Reading,Section1,会議の前に資料を（　　　）ください。,配布して,控えて,開いて,分かれて,1,資料を配布する = phát tài liệu
111,会議・打ち合わせ,Reading,Section1,担当者が現在の状況を（　　　）。,報告する,説明する,上げる,控える,2,状況を説明する = giải thích tình hình
112,会議・打ち合わせ,Reading,Section1,まず、これまでの経過を（　　　）。,一致させる,交わす,報告する,控える,3,経過を報告する = báo cáo diễn biến
113,会議・打ち合わせ,Reading,Section1,プロジェクトの進捗を（　　　）必要がある。,報告する,開く,配布する,分かれる,1,進捗を報告する = báo cáo tiến độ
114,会議・打ち合わせ,Reading,Section1,会議の内容を全社員に（　　　）。,説明する,上げる,共有する,控える,3,内容を共有する = chia sẻ nội dung
115,会議・打ち合わせ,Reading,Section1,まず関係者の認識を（　　　）ことが重要だ。,一致させる,開く,配布する,交わす,1,認識を一致させる = thống nhất nhận thức
116,会議・打ち合わせ,Reading,Section1,十分に議論したうえで結論を（　　　）。,報告する,出す,控える,配布する,2,結論を出す = đưa ra kết luận
117,会議・打ち合わせ,Reading,Section1,社長が最終的な判断を（　　　）。,開く,交わす,下す,一致させる,3,判断を下す = đưa ra quyết định
118,会議・打ち合わせ,Reading,Section1,情報が不足しているので発言を（　　　）。,下す,控える,上げる,出す,2,発言を控える = hạn chế phát biểu
119,会議・打ち合わせ,Reading,Section1,不明な点について質問を（　　　）。,投げかける,開く,報告する,一致させる,1,質問を投げかける = đặt câu hỏi
120,会議・打ち合わせ,Reading,Section1,部長は会議を（　　　）前に資料を確認した。,交わす,開く,下す,控える,2,会議を開く = tổ chức cuộc họp
121,会議・打ち合わせ,Reading,Section1,会議では活発に意見を（　　　）べきだ。,配布する,一致させる,交わす,報告する,3,意見を交わす = trao đổi ý kiến
122,会議・打ち合わせ,Reading,Section1,対応方針について意見が（　　　）。,分かれる,出す,説明する,共有する,1,意見が分かれる = ý kiến bị chia thành nhiều hướng
123,会議・打ち合わせ,Reading,Section1,その案件を役員会の議題に（　　　）。,一致させる,上げる,控える,投げかける,2,議題に上げる = đưa vào chương trình nghị sự
124,会議・打ち合わせ,Reading,Section1,最新の状況を全員に（　　　）。,共有する,分かれる,下す,開く,1,状況を共有する = chia sẻ tình hình
125,会議・打ち合わせ,Reading,Section1,会議の最後に社長が判断を（　　　）。,出す,下す,投げかける,交わす,2,判断を下す = đưa ra quyết định
126,会議・打ち合わせ,Reading,Section1,会議で自分の意見を（　　　）。,述べる,仰ぐ,締結する,調整する,1,意見を述べる = trình bày ý kiến
127,会議・打ち合わせ,Reading,Section1,参加者の意見を（　　　）必要がある。,検討する,まとめる,提示する,確保する,2,意見をまとめる = tổng hợp ý kiến
128,会議・打ち合わせ,Reading,Section1,改善案を（　　　）ことになった。,する,仰ぐ,締結する,至る,1,改善案をする = đưa ra phương án cải tiến
129,会議・打ち合わせ,Reading,Section1,部長はその提案を（　　　）ことにした。,受け入れる,検討する,見送る,締結する,2,提案を検討する = xem xét đề xuất
130,会議・打ち合わせ,Reading,Section1,会社は新しい提案を（　　　）。,見送る,提示する,受け入れる,調整する,3,提案を受け入れる = chấp nhận đề xuất
131,会議・打ち合わせ,Reading,Section1,予算不足のため、その提案を（　　　）ことになった。,受け入れる,見送る,仰ぐ,締結する,2,提案を見送る = tạm hoãn đề xuất
132,会議・打ち合わせ,Reading,Section1,関係者の（　　　）を得てから実施する。,判断,合意,指示,条件,2,合意を得る = nhận được sự đồng thuận
133,会議・打ち合わせ,Reading,Section1,長時間の話し合いの結果、合意に（　　　）。,至った,仰いだ,締結した,提示した,1,合意に至る = đi đến thống nhất
134,会議・打ち合わせ,Reading,Section1,会議で今後の方針を（　　　）。,示す,洗い出す,調整する,確保する,1,方針を示す = đưa ra phương hướng
135,会議・打ち合わせ,Reading,Section1,経営会議で新しい方針を（　　　）。,整理する,決定する,仰ぐ,共有する,2,方針を決定する = quyết định phương hướng
136,会議・打ち合わせ,Reading,Section1,まず課題を（　　　）ことから始めよう。,洗い出す,提示する,締結する,至る,1,課題を洗い出す = xác định các vấn đề
137,会議・打ち合わせ,Reading,Section1,会議の前に論点を（　　　）必要がある。,整理する,仰ぐ,確保する,締結する,1,論点を整理する = sắp xếp các điểm thảo luận
138,会議・打ち合わせ,Reading,Section1,契約書の内容を（　　　）うえで署名してください。,確認した,洗い出した,調整した,提示した,1,内容を確認する = xác nhận nội dung
139,会議・打ち合わせ,Reading,Section1,最新情報を全員で（　　　）。,共有する,仰ぐ,至る,締結する,1,情報を共有する = chia sẻ thông tin
140,会議・打ち合わせ,Reading,Section1,判断に迷ったため上司に指示を（　　　）。,仰いだ,示した,洗い出した,締結した,1,指示を仰ぐ = xin chỉ thị
141,会議・打ち合わせ,Reading,Section1,重要案件なので部長に判断を（　　　）。,整理した,仰いだ,確保した,提示した,2,判断を仰ぐ = xin quyết định
142,会議・打ち合わせ,Reading,Section1,納期変更のためスケジュールを（　　　）。,調整する,共有する,洗い出す,受け入れる,1,スケジュールを調整する = điều chỉnh lịch trình
143,会議・打ち合わせ,Reading,Section1,取引先に契約条件を（　　　）。,提示する,仰ぐ,至る,締結する,1,契約条件を提示する = đưa ra điều kiện hợp đồng
144,会議・打ち合わせ,Reading,Section1,両社は正式に契約を（　　　）。,調整した,締結した,共有した,洗い出した,2,契約を締結する = ký kết hợp đồng
145,会議・打ち合わせ,Reading,Section1,新規事業のための予算を（　　　）必要がある。,提示する,確保する,仰ぐ,決定する,2,予算を確保する = đảm bảo ngân sách
146,契約・取引,Reading,Section1,来月から新しい取引先と契約を（　　　）予定だ。,結ぶ,更新する,見直す,追及する,1,契約を結ぶ = ký kết hợp đồng
147,契約・取引,Reading,Section1,両社は正式に契約を（　　　）。,打ち切った,締結した,提示した,持った,2,契約を締結する = ký kết hợp đồng chính thức
148,契約・取引,Reading,Section1,契約期間が終了するため契約を（　　　）。,更新する,結ぶ,打ち切る,探る,1,契約を更新する = gia hạn hợp đồng
149,契約・取引,Reading,Section1,業績悪化により契約を（　　　）ことになった。,締結する,更新する,打ち切る,提示する,3,契約を打ち切る = chấm dứt hợp đồng
150,契約・取引,Reading,Section1,取引先に契約条件を（　　　）。,見直す,提示する,結ぶ,持つ,2,契約条件を提示する = đưa ra điều kiện hợp đồng
151,契約・取引,Reading,Section1,双方が納得できるよう条件を（　　　）。,のむ,更新する,追及する,締結する,1,条件をのむ = chấp nhận điều kiện
152,契約・取引,Reading,Section1,市場環境の変化に応じて条件を（　　　）。,提示する,見直す,のむ,持つ,2,条件を見直す = xem xét lại điều kiện
153,契約・取引,Reading,Section1,交渉では互いに妥協点を（　　　）ことが大切だ。,更新する,探る,結ぶ,追及する,2,妥協点を探る = tìm điểm thỏa hiệp
154,契約・取引,Reading,Section1,長時間の交渉の末、合意に（　　　）。,持った,至った,のんだ,打ち切った,2,合意に至る = đi đến thống nhất
155,契約・取引,Reading,Section1,価格については基本合意に（　　　）。,至った,探った,提示した,結んだ,1,基本合意に至る = đạt thỏa thuận cơ bản
156,契約・取引,Reading,Section1,事故の原因について関係者の責任を（　　　）。,持つ,締結する,追及する,更新する,3,責任を追及する = truy cứu trách nhiệm
157,契約・取引,Reading,Section1,取引先と価格交渉を（　　　）。,行う,至る,のむ,結ぶ,1,価格交渉を行う = tiến hành đàm phán giá
158,契約・取引,Reading,Section1,まずは担当者同士で話し合いを（　　　）。,探る,持つ,更新する,追及する,2,話し合いを持つ = tổ chức trao đổi
159,契約・取引,Reading,Section1,新規契約を（　　　）前に条件を確認した。,結ぶ,打ち切る,探る,追及する,1,契約を結ぶ = ký hợp đồng
160,契約・取引,Reading,Section1,契約内容について再度話し合いを（　　　）ことになった。,更新する,持つ,締結する,至る,2,話し合いを持つ = tổ chức trao đổi
161,契約・取引,Reading,Section1,条件面で折り合いがつかず契約を（　　　）。,更新した,打ち切った,探った,行った,2,契約を打ち切る = chấm dứt hợp đồng
162,契約・取引,Reading,Section1,契約更新前に契約条件を（　　　）必要がある。,見直す,のむ,結ぶ,持つ,1,契約条件を見直す = xem xét lại điều kiện
163,契約・取引,Reading,Section1,双方が譲歩しながら妥協点を（　　　）。,提示する,探る,更新する,至る,2,妥協点を探る = tìm điểm thỏa hiệp
164,契約・取引,Reading,Section1,数回の価格交渉を行い、基本合意に（　　　）。,至った,持った,結んだ,のんだ,1,基本合意に至る = đạt thỏa thuận cơ bản
165,契約・取引,Reading,Section1,契約締結前に関係者で話し合いを（　　　）。,持った,追及した,更新した,打ち切った,1,話し合いを持つ = tổ chức trao đổi
166,契約・取引,Reading,Section1,来月から新しい取引先と取引を（　　　）。,開始する,拡大する,解除する,作成する,1,取引を開始する = bắt đầu giao dịch
167,契約・取引,Reading,Section1,海外企業との取引を（　　　）方針だ。,開始する,拡大する,守る,依頼する,2,取引を拡大する = mở rộng giao dịch
168,契約・取引,Reading,Section1,契約違反があったため契約を（　　　）。,見直す,締結する,解除する,開始する,3,契約を解除する = hủy hợp đồng
169,契約・取引,Reading,Section1,契約更新前に契約内容を（　　　）。,見直す,拡大する,提出する,獲得する,1,契約内容を見直す = rà soát nội dung hợp đồng
170,契約・取引,Reading,Section1,大口顧客から発注を（　　　）。,行う,受ける,作成する,守る,2,発注を受ける = nhận đơn đặt hàng
171,契約・取引,Reading,Section1,新製品の部品を発注（　　　）ことになった。,受ける,獲得する,行う,回避する,3,発注を行う = đặt hàng
172,契約・取引,Reading,Section1,営業部は大型案件の受注を（　　　）。,作成した,獲得した,調整した,提出した,2,受注を獲得する = giành được đơn hàng
173,契約・取引,Reading,Section1,取引先の要望に応じて納期を（　　　）。,守る,獲得する,調整する,開拓する,3,納期を調整する = điều chỉnh thời hạn giao hàng
174,契約・取引,Reading,Section1,信頼を得るため納期を（　　　）ことが重要だ。,調整する,守る,作成する,提出する,2,納期を守る = tuân thủ thời hạn giao hàng
175,契約・取引,Reading,Section1,複数の会社に見積もりを（　　　）。,提出する,作成する,依頼する,獲得する,3,見積もりを依頼する = yêu cầu báo giá
176,契約・取引,Reading,Section1,取引先に見積もりを（　　　）。,提出する,守る,開拓する,回避する,1,見積もりを提出する = nộp báo giá
177,契約・取引,Reading,Section1,新規案件の見積もりを（　　　）。,獲得する,作成する,調整する,開始する,2,見積もりを作成する = lập báo giá
178,契約・取引,Reading,Section1,利益を増やすためコストを（　　　）。,削減する,改善する,開拓する,提出する,1,コストを削減する = cắt giảm chi phí
179,契約・取引,Reading,Section1,安定した経営のため利益を（　　　）必要がある。,改善する,確保する,回避する,拡大する,2,利益を確保する = đảm bảo lợi nhuận
180,契約・取引,Reading,Section1,業務改善によって利益率を（　　　）。,改善する,守る,受ける,解除する,1,利益率を改善する = cải thiện tỷ suất lợi nhuận
181,契約・取引,Reading,Section1,新商品の販売強化で売上を（　　　）。,回避する,伸ばす,提出する,作成する,2,売上を伸ばす = tăng doanh thu
182,契約・取引,Reading,Section1,海外市場を（　　　）ため現地調査を行った。,開拓する,守る,解除する,依頼する,1,市場を開拓する = khai phá thị trường
183,契約・取引,Reading,Section1,新たな販路を（　　　）ことに成功した。,回避する,確保する,拡大する,提出する,3,販路を拡大する = mở rộng kênh tiêu thụ
184,契約・取引,Reading,Section1,競合他社と（　　　）ため独自サービスを導入した。,獲得する,差別化する,作成する,開始する,2,競合他社と差別化する = tạo sự khác biệt với đối thủ
185,契約・取引,Reading,Section1,損失を防ぐためリスクを（　　　）。,改善する,守る,回避する,提示する,3,リスクを回避する = tránh rủi ro
186,人事・組織,Reading,Section1,将来のリーダー候補として人材を（　　　）。,育成する,確保する,指導する,評価する,1,人材を育成する = đào tạo nhân sự
187,人事・組織,Reading,Section1,事業拡大のため優秀な人材を（　　　）必要がある。,育成する,確保する,任せる,築く,2,人材を確保する = đảm bảo nguồn nhân lực
188,人事・組織,Reading,Section1,繁忙期に入り人手が（　　　）。,決まらない,足りない,広がらない,築けない,2,人手が足りない = thiếu nhân lực
189,人事・組織,Reading,Section1,4月から大規模な人事異動を（　　　）。,行う,任せる,評価する,確保する,1,人事異動を行う = thực hiện điều chuyển nhân sự
190,人事・組織,Reading,Section1,新入社員の配属先が（　　　）。,築いた,指導した,決まった,任せた,3,配属先が決まる = nơi công tác được quyết định
191,人事・組織,Reading,Section1,課長は部下を適切に（　　　）必要がある。,指導する,確保する,広げる,行う,1,部下を指導する = hướng dẫn cấp dưới
192,人事・組織,Reading,Section1,成果に基づいて社員を（　　　）。,任せる,評価する,築く,決める,2,社員を評価する = đánh giá nhân viên
193,人事・組織,Reading,Section1,この会社は社内の風通しが（　　　）。,いい,足りない,決まる,広がる,1,風通しがいい = môi trường cởi mở
194,人事・組織,Reading,Section1,業績改善のため組織を（　　　）ことになった。,評価する,育成する,立て直す,指導する,3,組織を立て直す = tái cơ cấu tổ chức
195,人事・組織,Reading,Section1,この案件は経験豊富な社員に後任を（　　　）。,行う,任せる,広げる,決める,2,後任を任せる = giao nhiệm vụ kế nhiệm
196,人事・組織,Reading,Section1,営業活動を通じて人脈を（　　　）。,広げる,評価する,指導する,確保する,1,人脈を広げる = mở rộng quan hệ
197,人事・組織,Reading,Section1,長年の取引で信頼関係を（　　　）。,行う,任せる,築く,決まる,3,信頼関係を築く = xây dựng quan hệ tin cậy
198,人事・組織,Reading,Section1,若手社員の人材を（　　　）ため研修制度を強化した。,育成する,確保する,評価する,任せる,1,人材を育成する = phát triển nhân sự trẻ
199,人事・組織,Reading,Section1,専門知識を持つ人材を（　　　）ことが急務だ。,指導する,確保する,築く,決まる,2,人材を確保する = đảm bảo nguồn nhân lực
200,人事・組織,Reading,Section1,イベント準備で人手が（　　　）ため応援を頼んだ。,広がらない,足りない,築けない,任せない,2,人手が足りない = thiếu nhân lực
201,人事・組織,Reading,Section1,来月、人事異動を（　　　）予定だ。,行う,評価する,確保する,任せる,1,人事異動を行う = thực hiện điều chuyển nhân sự
202,人事・組織,Reading,Section1,新人の配属先がまだ（　　　）いない。,築いて,決まって,広がって,任せて,2,配属先が決まる = nơi công tác được quyết định
203,人事・組織,Reading,Section1,管理職は部下を（　　　）役割を担っている。,指導する,行う,築く,足りる,1,部下を指導する = hướng dẫn cấp dưới
204,人事・組織,Reading,Section1,公平な基準で社員を（　　　）べきだ。,任せる,評価する,広げる,決める,2,社員を評価する = đánh giá nhân viên
205,人事・組織,Reading,Section1,取引先との信頼関係を（　　　）ことが重要だ。,築く,広げる,指導する,行う,1,信頼関係を築く = xây dựng quan hệ tin cậy
206,人事・組織,Reading,Section1,事業拡大に伴い新たな人材を（　　　）。,採用する,削減する,再編する,昇進する,1,人材を採用する = tuyển dụng nhân sự
207,人事・組織,Reading,Section1,現在、営業担当の人材を（　　　）している。,配置,募集,補充,強化,2,人材を募集する = tuyển dụng nhân sự
208,人事・組織,Reading,Section1,退職者が出たため欠員を（　　　）。,強化する,補充する,削減する,見直す,2,欠員を補充する = bổ sung vị trí còn thiếu
209,人事・組織,Reading,Section1,業務量の増加に対応するため人員を（　　　）。,削減する,確保する,増やす,再編する,3,人員を増やす = tăng nhân sự
210,人事・組織,Reading,Section1,経営改善のため人員を（　　　）ことになった。,増やす,削減する,配置する,募集する,2,人員を削減する = cắt giảm nhân sự
211,人事・組織,Reading,Section1,経験や適性を考慮して人材を（　　　）。,配置する,補充する,昇進する,降格する,1,人材を配置する = bố trí nhân sự
212,人事・組織,Reading,Section1,組織改革の一環として配置転換を（　　　）。,強化する,実施する,行う,確保する,3,配置転換を行う = thực hiện điều chuyển công tác
213,人事・組織,Reading,Section1,優れた成果が認められ部長に（　　　）。,昇進した,降格した,配置した,募集した,1,部長に昇進する = thăng chức lên trưởng phòng
214,人事・組織,Reading,Section1,資格取得により主任へ（　　　）。,降格した,補充した,昇格した,削減した,3,主任へ昇格する = được nâng ngạch
215,人事・組織,Reading,Section1,重大なミスにより管理職から（　　　）。,昇進した,昇格した,強化した,降格した,4,降格する = bị giáng chức
216,人事・組織,Reading,Section1,社長の後任を（　　　）必要がある。,選ぶ,育てる,見直す,向上させる,1,後任を選ぶ = chọn người kế nhiệm
217,人事・組織,Reading,Section1,将来のリーダーとなる人材を（　　　）。,削減する,育てる,降格する,補充する,2,人材を育てる = đào tạo nhân tài
218,人事・組織,Reading,Section1,新入社員向けの研修を（　　　）。,見直する,実施する,確保する,配置する,2,研修を実施する = tổ chức đào tạo
219,人事・組織,Reading,Section1,専門知識を学び能力を（　　　）。,向上させる,削減する,補充する,再編する,1,能力を向上させる = nâng cao năng lực
220,人事・組織,Reading,Section1,公平性を高めるため評価制度を（　　　）。,実施する,見直す,募集する,昇進する,2,評価制度を見直す = rà soát chế độ đánh giá
221,人事・組織,Reading,Section1,社員のモチベーションを（　　　）施策が必要だ。,下げる,高める,削減する,補充する,2,モチベーションを高める = nâng cao động lực
222,人事・組織,Reading,Section1,働きやすい環境を整えて離職率を（　　　）。,上げる,強化する,下げる,配置する,3,離職率を下げる = giảm tỷ lệ nghỉ việc
223,人事・組織,Reading,Section1,競争力向上のため組織を（　　　）。,強化する,削減する,降格する,補充する,1,組織を強化する = củng cố tổ chức
224,人事・組織,Reading,Section1,事業統合に伴い組織を（　　　）。,強化する,再編する,向上させる,昇進する,2,組織を再編する = tái cơ cấu tổ chức
225,人事・組織,Reading,Section1,繁忙期に向けて十分な人員を（　　　）。,削減する,確保する,降格する,見直す,2,人員を確保する = đảm bảo đủ nhân sự
226,顧客・サービス,Reading,Section1,商品開発では顧客の声を（　　　）ことが重要だ。,吸い取る,向上させる,増やす,対応する,1,顧客の声を吸い取る = thu thập ý kiến khách hàng
227,顧客・サービス,Reading,Section1,顧客の要望に（　　　）ため改善を行った。,吸い取る,応える,得る,増やす,2,要望に応える = đáp ứng yêu cầu
228,顧客・サービス,Reading,Section1,お客様の期待に（　　　）商品を提供したい。,応える,向上させる,対応する,改善する,1,期待に応える = đáp ứng kỳ vọng
229,顧客・サービス,Reading,Section1,長年の努力によって顧客からの信頼を（　　　）。,向上させた,得た,増やした,対応した,2,信頼を得る = giành được sự tin tưởng
230,顧客・サービス,Reading,Section1,サービス改善により顧客満足度を（　　　）。,高める,吸い取る,得る,対応する,1,顧客満足度を高める = nâng cao mức độ hài lòng
231,顧客・サービス,Reading,Section1,システムを導入して利便性を（　　　）。,増やす,向上させる,応える,吸い取る,2,利便性を向上させる = nâng cao tính tiện lợi
232,顧客・サービス,Reading,Section1,顧客満足度向上のためサービスを（　　　）。,改善する,得る,増やす,応える,1,サービスを改善する = cải thiện dịch vụ
233,顧客・サービス,Reading,Section1,担当者はクレームに迅速に（　　　）。,高めた,対応した,向上した,得た,2,クレームに対応する = xử lý khiếu nại
234,顧客・サービス,Reading,Section1,サービス改善の結果、客足が（　　　）。,対応する,吸い取る,伸びる,得る,3,客足が伸びる = lượng khách tăng
235,顧客・サービス,Reading,Section1,キャンペーンによってリピーターを（　　　）ことに成功した。,高める,増やす,応える,吸い取る,2,リピーターを増やす = tăng khách hàng quay lại
236,顧客・サービス,Reading,Section1,アンケートを実施して顧客の声を（　　　）。,吸い取る,対応する,得る,改善する,1,顧客の声を吸い取る = thu thập ý kiến khách hàng
237,顧客・サービス,Reading,Section1,利用者の要望に（　　　）商品開発を進めている。,吸い取って,応えて,得て,増やして,2,要望に応えて = đáp ứng nhu cầu
238,顧客・サービス,Reading,Section1,企業は顧客の期待に（　　　）必要がある。,応える,対応する,向上する,吸い取る,1,期待に応える = đáp ứng kỳ vọng
239,顧客・サービス,Reading,Section1,高品質なサービスで顧客の信頼を（　　　）。,改善する,増やす,得る,向上する,3,信頼を得る = giành được sự tin tưởng
240,顧客・サービス,Reading,Section1,アプリ改良によって利便性を（　　　）。,向上させる,高める,得る,応える,1,利便性を向上させる = nâng cao tính tiện lợi
241,顧客・サービス,Reading,Section1,利用者からの意見をもとにサービスを（　　　）。,対応する,改善する,吸い取る,増やす,2,サービスを改善する = cải thiện dịch vụ
242,顧客・サービス,Reading,Section1,お客様からのクレームに適切に（　　　）ことが重要だ。,高める,得る,対応する,応える,3,クレームに対応する = xử lý khiếu nại
243,顧客・サービス,Reading,Section1,駅前への出店後、客足が（　　　）。,伸びた,吸い取った,得た,改善した,1,客足が伸びる = lượng khách tăng
244,顧客・サービス,Reading,Section1,ポイント制度を導入してリピーターを（　　　）。,応える,高める,増やす,対応する,3,リピーターを増やす = tăng khách hàng quay lại
245,顧客・サービス,Reading,Section1,顧客満足度を高めるには顧客の声を（　　　）ことが欠かせない。,吸い取る,対応する,得る,改善する,1,顧客の声を吸い取る = thu thập ý kiến khách hàng
246,顧客・サービス,Reading,Section1,新サービスの開始により新規顧客を（　　　）。,維持する,獲得する,処理する,把握する,2,新規顧客を獲得する = thu hút khách hàng mới
247,顧客・サービス,Reading,Section1,既存顧客を（　　　）ことも重要だ。,増やす,提供する,実施する,維持する,4,既存顧客を維持する = duy trì khách hàng hiện tại
248,顧客・サービス,Reading,Section1,サービス改善によって顧客満足度を（　　　）。,維持する,提供する,向上させる,処理する,3,顧客満足度を向上させる = nâng cao mức độ hài lòng
249,顧客・サービス,Reading,Section1,担当部署は顧客からの苦情を（　　　）。,受ける,高める,維持する,増やす,1,苦情を受ける = tiếp nhận khiếu nại
250,顧客・サービス,Reading,Section1,受けた苦情を迅速に（　　　）必要がある。,獲得する,処理する,提供する,把握する,2,苦情を処理する = xử lý khiếu nại
251,顧客・サービス,Reading,Section1,お客様からの問い合わせに（　　　）。,維持する,応える,提供する,対応する,4,問い合わせに対応する = phản hồi thắc mắc
252,顧客・サービス,Reading,Section1,まず顧客の要望を（　　　）ことが重要だ。,把握する,処理する,維持する,増やす,1,要望を把握する = nắm bắt nhu cầu
253,顧客・サービス,Reading,Section1,市場の変化を知るためニーズを（　　　）。,応える,把握する,提供する,向上させる,2,ニーズを把握する = nắm bắt nhu cầu
254,顧客・サービス,Reading,Section1,顧客のニーズに（　　　）商品を開発した。,対応する,維持する,応える,増やす,3,ニーズに応える = đáp ứng nhu cầu
255,顧客・サービス,Reading,Section1,他社にはない付加価値を（　　　）。,処理する,実施する,高める,提供する,4,付加価値を提供する = cung cấp giá trị gia tăng
256,顧客・サービス,Reading,Section1,お客様に質の高いサービスを（　　　）。,提供する,維持する,高める,受ける,1,サービスを提供する = cung cấp dịch vụ
257,顧客・サービス,Reading,Section1,品質を（　　　）ための改善活動を続けている。,処理する,向上させる,把握する,応える,2,品質を向上させる = nâng cao chất lượng
258,顧客・サービス,Reading,Section1,長年にわたり高い品質を（　　　）。,増やす,提供する,実施する,維持する,4,品質を維持する = duy trì chất lượng
259,顧客・サービス,Reading,Section1,サービス向上によって顧客離れを（　　　）。,高める,防ぐ,獲得する,把握する,2,顧客離れを防ぐ = ngăn khách hàng rời bỏ
260,顧客・サービス,Reading,Section1,新機能の追加で利用者を（　　　）。,維持する,増やす,処理する,応える,2,利用者を増やす = tăng người dùng
261,顧客・サービス,Reading,Section1,キャンペーンによって利用率を（　　　）。,高める,維持する,受ける,提供する,1,利用率を高める = tăng tỷ lệ sử dụng
262,顧客・サービス,Reading,Section1,広告戦略によってブランド力を（　　　）。,把握する,処理する,高める,応える,3,ブランド力を高める = nâng cao sức mạnh thương hiệu
263,顧客・サービス,Reading,Section1,新商品の投入前に市場調査を（　　　）。,実施する,行う,提供する,獲得する,2,市場調査を行う = tiến hành khảo sát thị trường
264,顧客・サービス,Reading,Section1,利用者の意見を集めるためアンケートを（　　　）。,行う,維持する,実施する,処理する,3,アンケートを実施する = thực hiện khảo sát
265,顧客・サービス,Reading,Section1,問題が発生したため改善策を（　　　）。,講じる,提供する,高める,把握する,1,改善策を講じる = thực hiện biện pháp cải tiến
266,クレーム・謝罪,Reading,Section1,システム障害によりお客様に（　　　）。,不手際があった,ご迷惑をおかけする,影響を及ぼす,誤解を招く,2,ご迷惑をおかけする = gây phiền hà cho khách hàng
267,クレーム・謝罪,Reading,Section1,今回はこちらの（　　　）ことをお詫びいたします。,不手際があった,再発を防止する,安全が懸念される,被害が広がる,1,不手際があった = đã có sai sót
268,クレーム・謝罪,Reading,Section1,このたびはご迷惑をおかけし、（　　　）。,混乱を招きました,問題が発生しました,深くお詫び申し上げます,対応が遅れました,3,深くお詫び申し上げます = thành thật xin lỗi
269,クレーム・謝罪,Reading,Section1,同様のトラブルが起きないよう再発を（　　　）。,防止する,懸念する,招く,及ぼす,1,再発を防止する = ngăn ngừa tái diễn
270,クレーム・謝罪,Reading,Section1,システム更新後に問題が（　　　）。,招いた,発生した,広がった,遅れた,2,問題が発生する = phát sinh vấn đề
271,クレーム・謝罪,Reading,Section1,情報共有不足が社内の混乱を（　　　）。,及ぼいた,招いた,防止した,懸念した,2,混乱を招く = gây ra hỗn loạn
272,クレーム・謝罪,Reading,Section1,説明不足が顧客の誤解を（　　　）。,招いた,遅れた,発生した,広がった,1,誤解を招く = gây hiểu lầm
273,クレーム・謝罪,Reading,Section1,今回の事故は業績に大きな影響を（　　　）。,招した,発生した,及ぼした,懸念した,3,影響を及ぼす = gây ảnh hưởng
274,クレーム・謝罪,Reading,Section1,製品の不具合により被害が（　　　）。,広がった,防止した,発生した,招いた,1,被害が広がる = thiệt hại lan rộng
275,クレーム・謝罪,Reading,Section1,担当者不在のため対応が（　　　）。,発生した,招いた,遅れた,及ぼした,3,対応が遅れる = xử lý chậm trễ
276,クレーム・謝罪,Reading,Section1,老朽化した設備により安全が（　　　）。,防止された,懸念された,発生した,広がった,2,安全が懸念される = có lo ngại về an toàn
277,クレーム・謝罪,Reading,Section1,操作ミスによってお客様に（　　　）。,ご迷惑をおかけした,問題が発生した,被害が広がった,安全が懸念された,1,ご迷惑をおかけする = gây phiền hà
278,クレーム・謝罪,Reading,Section1,商品の発送に（　　　）ことをお詫びいたします。,誤解を招いた,対応が遅れた,不手際があった,影響を及ぼした,3,不手際があった = có sai sót
279,クレーム・謝罪,Reading,Section1,ご不便をおかけしましたことを（　　　）。,深くお詫び申し上げます,招きます,発生します,広がります,1,深くお詫び申し上げます = thành thật xin lỗi
280,クレーム・謝罪,Reading,Section1,品質管理を強化し再発を（　　　）。,懸念する,防止する,招く,発生する,2,再発を防止する = ngăn ngừa tái diễn
281,クレーム・謝罪,Reading,Section1,設備トラブルにより問題が（　　　）。,広がった,発生した,及ぼした,招いた,2,問題が発生する = phát sinh vấn đề
282,クレーム・謝罪,Reading,Section1,情報の伝達ミスが混乱を（　　　）。,招いた,防止した,懸念した,遅れた,1,混乱を招く = gây hỗn loạn
283,クレーム・謝罪,Reading,Section1,誤った説明が顧客の誤解を（　　　）。,発生した,広げた,招いた,及ぼした,3,誤解を招く = gây hiểu lầm
284,クレーム・謝罪,Reading,Section1,不具合の影響で被害が（　　　）。,防止された,懸念された,遅れた,広がった,4,被害が広がる = thiệt hại lan rộng
285,クレーム・謝罪,Reading,Section1,対応の遅れにより安全が（　　　）。,発生された,招かれた,懸念された,及ぼされた,3,安全が懸念される = dấy lên lo ngại về an toàn
286,リスク・問題対応,Reading,Section1,システム障害の原因を（　　　）。,調査する,公開する,軽減する,提出する,1,原因を調査する = điều tra nguyên nhân
287,リスク・問題対応,Reading,Section1,事故の原因を徹底的に（　　　）必要がある。,分析する,究明する,喚起する,把握する,2,原因を究明する = làm rõ nguyên nhân
288,リスク・問題対応,Reading,Section1,まず事実を（　　　）うえで対応を決める。,公開する,分析する,確認する,軽減する,3,事実を確認する = xác minh sự việc
289,リスク・問題対応,Reading,Section1,担当者は現在の状況を（　　　）。,提出する,究明する,分析する,把握する,4,状況を把握する = nắm bắt tình hình
290,リスク・問題対応,Reading,Section1,再発防止のため対策を（　　　）。,講じる,軽減する,公開する,喚起する,1,対策を講じる = thực hiện biện pháp
291,リスク・問題対応,Reading,Section1,品質向上のため改善策を（　　　）。,分析する,講じる,提出する,把握する,2,改善策を講じる = thực hiện biện pháp cải tiến
292,リスク・問題対応,Reading,Section1,トラブル発生後、対応策を（　　　）。,軽減する,公開する,検討する,究明する,3,対応策を検討する = xem xét phương án xử lý
293,リスク・問題対応,Reading,Section1,原因を詳しく（　　　）ことで再発を防ぐ。,提出する,喚起する,公開する,分析する,4,原因を分析する = phân tích nguyên nhân
294,リスク・問題対応,Reading,Section1,会社は責任の所在を（　　　）方針だ。,明らかにする,軽減する,把握する,検討する,1,責任の所在を明らかにする = làm rõ trách nhiệm
295,リスク・問題対応,Reading,Section1,迅速な対応で損害を（　　　）。,公開する,最小限に抑える,提出する,喚起する,2,損害を最小限に抑える = giảm thiểu thiệt hại
296,リスク・問題対応,Reading,Section1,事故の拡大を防ぐため被害を（　　　）。,軽減する,究明する,防ぐ,把握する,3,被害を防ぐ = ngăn ngừa thiệt hại
297,リスク・問題対応,Reading,Section1,事前対策によってリスクを（　　　）。,公開する,分析する,提出する,回避する,4,リスクを回避する = tránh rủi ro
298,リスク・問題対応,Reading,Section1,管理体制を強化してリスクを（　　　）。,軽減する,公開する,喚起する,究明する,1,リスクを軽減する = giảm thiểu rủi ro
299,リスク・問題対応,Reading,Section1,会社は調査結果の情報を（　　　）。,把握する,公開する,分析する,軽減する,2,情報を公開する = công bố thông tin
300,リスク・問題対応,Reading,Section1,調査終了後、報告書を（　　　）。,喚起する,究明する,提出する,回避する,3,報告書を提出する = nộp báo cáo
301,リスク・問題対応,Reading,Section1,事故の経緯を関係者に（　　　）。,軽減する,把握する,検討する,説明する,4,経緯を説明する = giải thích diễn biến
302,リスク・問題対応,Reading,Section1,類似事故を防ぐため注意を（　　　）。,喚起する,公開する,分析する,提出する,1,"注意を喚起する = cảnh báo, nhắc nhở"
303,リスク・問題対応,Reading,Section1,ミスを防ぐため再確認を（　　　）。,把握する,行う,軽減する,究明する,2,再確認を行う = xác nhận lại
304,リスク・問題対応,Reading,Section1,重大なトラブルのため早急に（　　　）。,公開する,提出する,対応する,喚起する,3,早急に対応する = xử lý khẩn cấp
305,リスク・問題対応,Reading,Section1,企業としての責任を（　　　）ことが求められる。,把握する,軽減する,究明する,果たす,4,責任を果たす = hoàn thành trách nhiệm
306,評価・分析,Reading,Section1,新商品の企画は社内で高く（　　　）。,期待される,見込まれる,評価される,判断される,3,高く評価される = được đánh giá cao
307,評価・分析,Reading,Section1,会議ではその案に対して厳しい意見が（　　　）。,出る,上げる,つながる,秘める,1,意見が出る = xuất hiện ý kiến
308,評価・分析,Reading,Section1,提案については前向きに（　　　）。,評価する,検討する,判断する,期待する,2,前向きに検討する = xem xét tích cực
309,評価・分析,Reading,Section1,重要な案件なので慎重に（　　　）必要がある。,秘める,期待する,判断する,つながる,3,慎重に判断する = cân nhắc thận trọng
310,評価・分析,Reading,Section1,新システムの導入で大きな効果が（　　　）。,期待される,評価される,上げられる,出される,1,効果が期待される = được kỳ vọng mang lại hiệu quả
311,評価・分析,Reading,Section1,営業部は今年も高い成果を（　　　）。,見込まれる,上げる,秘める,判断する,2,成果を上げる = đạt thành tích
312,評価・分析,Reading,Section1,今回の改善活動が良い結果に（　　　）ことを期待している。,評価する,つながる,秘める,出る,2,結果につながる = dẫn đến kết quả
313,評価・分析,Reading,Section1,海外市場ではさらなる成長が（　　　）。,見込まれる,上げられる,判断される,出される,1,成長が見込まれる = được dự báo tăng trưởng
314,評価・分析,Reading,Section1,この技術は大きな可能性を（　　　）。,つなげる,評価する,見込む,秘める,4,可能性を秘める = ẩn chứa tiềm năng
315,評価・分析,Reading,Section1,彼の提案は経営陣から高く（　　　）。,評価された,判断された,秘められた,出された,1,高く評価される = được đánh giá cao
316,評価・分析,Reading,Section1,新制度については厳しい意見が（　　　）。,上がる,出る,期待される,見込まれる,2,意見が出る = xuất hiện ý kiến
317,評価・分析,Reading,Section1,その案件は前向きに（　　　）ことになった。,検討する,判断する,上げる,秘める,1,前向きに検討する = xem xét tích cực
318,評価・分析,Reading,Section1,将来への影響を慎重に（　　　）。,評価する,判断する,期待する,出す,2,慎重に判断する = cân nhắc thận trọng
319,評価・分析,Reading,Section1,コスト削減による効果が（　　　）。,期待される,秘められる,つながる,上げる,1,効果が期待される = được kỳ vọng mang lại hiệu quả
320,評価・分析,Reading,Section1,新たな営業戦略で成果を（　　　）ことができた。,判断する,出る,上げる,見込む,3,成果を上げる = đạt thành tích
321,評価・分析,Reading,Section1,社員教育の充実が業績向上という結果に（　　　）。,つながった,評価された,判断された,秘めた,1,結果につながる = dẫn đến kết quả
322,評価・分析,Reading,Section1,AI市場は今後も成長が（　　　）。,秘められる,見込まれる,上げられる,出される,2,成長が見込まれる = được dự báo tăng trưởng
323,評価・分析,Reading,Section1,この企画は大きな可能性を（　　　）と考えられる。,評価する,つながる,秘める,判断する,3,可能性を秘める = có tiềm năng lớn
324,評価・分析,Reading,Section1,市場の反応を見て慎重に（　　　）べきだ。,出る,上げる,期待する,判断する,4,慎重に判断する = đưa ra quyết định thận trọng
325,評価・分析,Reading,Section1,その取り組みは社内で高く（　　　）。,見込まれた,秘められた,評価された,つながった,3,高く評価される = được đánh giá cao
326,評価・分析,Reading,Section1,今回のプロジェクトで評価を（　　　）。,受ける,分析する,洗い出す,測定する,1,評価を受ける = nhận được đánh giá
327,評価・分析,Reading,Section1,新商品は市場から高い評価を（　　　）。,確認する,得る,把握する,立てる,2,高い評価を得る = nhận được đánh giá cao
328,評価・分析,Reading,Section1,長年の努力の成果が（　　　）。,分析される,向上する,認められる,見込まれる,3,成果が認められる = thành quả được công nhận
329,評価・分析,Reading,Section1,営業部は大きな実績を（　　　）。,把握する,明らかにする,分析する,上げる,4,実績を上げる = đạt thành tích
330,評価・分析,Reading,Section1,海外展開によって業績を（　　　）ことができた。,伸ばす,測定する,確認する,洗い出す,1,業績を伸ばす = cải thiện kết quả kinh doanh
331,評価・分析,Reading,Section1,業務改善により業績が（　　　）。,分析する,向上する,把握する,認められる,2,業績が向上する = kết quả kinh doanh được cải thiện
332,評価・分析,Reading,Section1,施策の効果を（　　　）ため調査を行った。,把握する,検証する,上げる,立てる,2,効果を検証する = kiểm chứng hiệu quả
333,評価・分析,Reading,Section1,売上データを（　　　）ことで問題点を発見した。,明らかにする,把握する,認める,分析する,4,データを分析する = phân tích dữ liệu
334,評価・分析,Reading,Section1,新規事業のため市場を（　　　）。,分析する,上げる,測定する,洗い出す,1,市場を分析する = phân tích thị trường
335,評価・分析,Reading,Section1,トラブルの原因を（　　　）必要がある。,把握する,分析する,確認する,向上する,2,原因を分析する = phân tích nguyên nhân
336,評価・分析,Reading,Section1,市場の傾向を（　　　）ことが重要だ。,把握する,認める,上げる,測定する,1,傾向を把握する = nắm bắt xu hướng
337,評価・分析,Reading,Section1,まず現状を（　　　）うえで対策を考える。,明らかにする,立てる,把握する,見込む,3,現状を把握する = nắm bắt hiện trạng
338,評価・分析,Reading,Section1,調査によって課題を（　　　）。,分析する,明らかにする,上げる,認める,2,課題を明らかにする = làm rõ vấn đề
339,評価・分析,Reading,Section1,会議で改善点を（　　　）ことになった。,洗い出す,測定する,確認する,向上する,1,改善点を洗い出す = liệt kê điểm cần cải thiện
340,評価・分析,Reading,Section1,来年度の見通しを（　　　）必要がある。,把握する,立てる,分析する,認める,2,見通しを立てる = lập dự báo
341,評価・分析,Reading,Section1,この事業は十分な将来性が（　　　）。,認められる,見込まれる,ある,上がる,3,将来性がある = có tiềm năng phát triển
342,評価・分析,Reading,Section1,新興国では大きな需要が（　　　）。,見込まれる,測定される,分析される,把握される,1,需要が見込まれる = nhu cầu được dự báo
343,評価・分析,Reading,Section1,この事業では安定した収益が（　　　）。,確認される,見込まれる,認められる,上げられる,2,収益が見込まれる = lợi nhuận được dự báo
344,評価・分析,Reading,Section1,施策の効果を（　　　）ため指標を設定した。,確認する,分析する,測定する,把握する,3,効果を測定する = đo lường hiệu quả
345,評価・分析,Reading,Section1,プロジェクト終了後に成果を（　　　）。,上げる,明らかにする,認める,確認する,4,成果を確認する = xác nhận kết quả
346,評価・分析,Reading,Section1,契約書の内容を（　　　）うえで署名してください。,把握する,分析する,確認する,検証する,3,内容を確認する = xác nhận nội dung
347,評価・分析,Reading,Section1,報告書の詳細を（　　　）必要がある。,分析する,確認する,整理する,精査する,2,詳細を確認する = kiểm tra chi tiết
348,評価・分析,Reading,Section1,まず現在の状況を（　　　）ことから始めよう。,確認する,把握する,精査する,検証する,2,状況を把握する = nắm bắt tình hình
349,評価・分析,Reading,Section1,現場の現状を正確に（　　　）必要がある。,把握する,分析する,確認する,整理する,1,現状を把握する = nắm bắt hiện trạng
350,評価・分析,Reading,Section1,まず実態を（　　　）うえで改善策を考える。,分析する,把握する,精査する,見直す,2,実態を把握する = nắm rõ thực trạng
351,評価・分析,Reading,Section1,トラブルの原因を（　　　）ため調査を行った。,分析する,確認する,整理する,検証する,1,原因を分析する = phân tích nguyên nhân
352,評価・分析,Reading,Section1,売上データを（　　　）ことで課題が見えてきた。,確認する,分析する,把握する,精査する,2,データを分析する = phân tích dữ liệu
353,評価・分析,Reading,Section1,問題点を明確にするため問題点を（　　　）。,検証する,確認する,分析する,整理する,3,問題点を分析する = phân tích vấn đề
354,評価・分析,Reading,Section1,市場の傾向を（　　　）ことで今後の戦略を立てる。,分析する,把握する,確認する,精査する,1,傾向を分析する = phân tích xu hướng
355,評価・分析,Reading,Section1,新制度の効果を（　　　）必要がある。,整理する,分析する,検証する,把握する,3,効果を検証する = kiểm chứng hiệu quả
356,評価・分析,Reading,Section1,施策の結果を（　　　）うえで次の対策を考える。,確認する,検証する,精査する,分析する,2,結果を検証する = kiểm chứng kết quả
357,評価・分析,Reading,Section1,予算超過を防ぐため数字を（　　　）。,見直す,把握する,確認する,分析する,1,数字を見直す = rà soát số liệu
358,評価・分析,Reading,Section1,提出前に内容を（　　　）必要がある。,分析する,整理する,精査する,確認する,3,内容を精査する = kiểm tra kỹ nội dung
359,評価・分析,Reading,Section1,会議資料の情報を（　　　）から報告した。,分析する,整理する,把握する,検証する,2,情報を整理する = sắp xếp thông tin
360,評価・分析,Reading,Section1,まず事実を（　　　）ことが重要だ。,確認する,分析する,精査する,整理する,1,事実を確認する = xác nhận sự thật
361,評価・分析,Reading,Section1,取引条件の内容を（　　　）うえで契約を結んだ。,把握する,確認する,分析する,検証する,2,内容を確認する = xác nhận nội dung
362,評価・分析,Reading,Section1,現場の状況を（　　　）ため担当者に連絡した。,精査する,把握する,整理する,見直す,2,状況を把握する = nắm bắt tình hình
363,評価・分析,Reading,Section1,アンケート結果のデータを（　　　）。,分析する,確認する,把握する,精査する,1,データを分析する = phân tích dữ liệu
364,評価・分析,Reading,Section1,対策の効果を（　　　）ため追加調査を実施した。,確認する,整理する,検証する,分析する,3,効果を検証する = kiểm chứng hiệu quả
365,評価・分析,Reading,Section1,誤った情報がないか事実を（　　　）。,精査する,整理する,把握する,確認する,4,事実を確認する = xác nhận sự thật
366,評価・分析,Reading,Section1,昨年度の実績を（　　　）ことで課題が見えてきた。,把握する,分析する,調査する,評価する,2,実績を分析する = phân tích thành tích
367,評価・分析,Reading,Section1,海外進出の前に市場を（　　　）必要がある。,洗い出す,整理する,分析する,測定する,3,市場を分析する = phân tích thị trường
368,評価・分析,Reading,Section1,問題解決のため課題を（　　　）。,分析する,把握する,調査する,評価する,1,課題を分析する = phân tích vấn đề
369,評価・分析,Reading,Section1,顧客のニーズを（　　　）ことが重要だ。,整理する,把握する,予測する,洗い出す,2,ニーズを把握する = nắm bắt nhu cầu
370,評価・分析,Reading,Section1,競合他社の動向を（　　　）必要がある。,評価する,調査する,把握する,分析する,3,動向を把握する = nắm bắt xu hướng
371,評価・分析,Reading,Section1,まず現場の課題を（　　　）ことから始めよう。,予測する,評価する,洗い出す,把握する,4,課題を把握する = nắm bắt vấn đề
372,評価・分析,Reading,Section1,事前にリスクを（　　　）ことで損失を防ぐ。,把握する,分析する,整理する,測定する,1,リスクを把握する = nắm bắt rủi ro
373,評価・分析,Reading,Section1,会議の前に論点を（　　　）。,評価する,整理する,洗い出す,調査する,2,論点を整理する = sắp xếp luận điểm
374,評価・分析,Reading,Section1,複雑な課題を（　　　）うえで対応策を考える。,分析する,整理する,把握する,評価する,2,課題を整理する = hệ thống hóa vấn đề
375,評価・分析,Reading,Section1,限られた時間の中では優先順位を（　　　）必要がある。,つける,評価する,測定する,調査する,1,優先順位をつける = xác định thứ tự ưu tiên
376,評価・分析,Reading,Section1,会議で改善点を（　　　）ことになった。,分析する,洗い出す,把握する,整理する,2,改善点を洗い出す = liệt kê điểm cần cải thiện
377,評価・分析,Reading,Section1,まず課題を（　　　）必要がある。,評価する,調査する,洗い出す,予測する,3,課題を洗い出す = liệt kê vấn đề
378,評価・分析,Reading,Section1,事故の原因を（　　　）ため調査を続けている。,究明する,評価する,把握する,整理する,1,原因を究明する = làm rõ nguyên nhân
379,評価・分析,Reading,Section1,新制度の効果を（　　　）ためアンケートを行った。,分析する,測定する,予測する,洗い出す,2,効果を測定する = đo lường hiệu quả
380,評価・分析,Reading,Section1,地域の実態を（　　　）ため現地を訪問した。,調査する,評価する,把握する,整理する,1,実態を調査する = khảo sát thực trạng
381,評価・分析,Reading,Section1,新商品の発売前に市場調査を（　　　）。,実施する,行う,測定する,究明する,2,市場調査を行う = tiến hành khảo sát thị trường
382,評価・分析,Reading,Section1,工場建設予定地で現地調査を（　　　）。,行う,分析する,洗い出す,評価する,1,現地調査を行う = khảo sát thực địa
383,評価・分析,Reading,Section1,来年度の業績の見通しを（　　　）。,予測する,立てる,評価する,把握する,2,見通しを立てる = lập dự báo
384,評価・分析,Reading,Section1,過去のデータから需要を（　　　）。,測定する,把握する,予測する,洗い出す,3,需要を予測する = dự báo nhu cầu
385,評価・分析,Reading,Section1,新制度が業務に与える影響を（　　　）。,整理する,評価する,調査する,究明する,2,影響を評価する = đánh giá tác động
386,スケジュール・進捗,Reading,Section1,プロジェクトの進捗を（　　　）必要がある。,効率化する,管理する,防止する,急ぐ,2,進捗を管理する = quản lý tiến độ
387,スケジュール・進捗,Reading,Section1,生産ライン全体の工程を（　　　）。,管理する,調整する,効率化する,講じる,1,工程を管理する = quản lý công đoạn
388,スケジュール・進捗,Reading,Section1,会議日程の変更に伴いスケジュールを（　　　）。,効率化する,管理する,調整する,防止する,3,スケジュールを調整する = điều chỉnh lịch trình
389,スケジュール・進捗,Reading,Section1,関係者と相談して日程を（　　　）。,進める,急ぐ,守る,調整する,4,日程を調整する = điều chỉnh lịch trình
390,スケジュール・進捗,Reading,Section1,顧客との約束なので納期を（　　　）ことが重要だ。,守る,遅れる,管理する,講じる,1,納期を守る = tuân thủ thời hạn
391,スケジュール・進捗,Reading,Section1,部品の調達が遅れたため納期が（　　　）。,守る,遅れる,急ぐ,効率化する,2,納期が遅れる = giao hàng chậm
392,スケジュール・進捗,Reading,Section1,人手不足のため作業が（　　　）。,管理する,進める,滞る,防ぐ,3,作業が滞る = công việc đình trệ
393,スケジュール・進捗,Reading,Section1,システム導入によって業務を（　　　）。,効率化する,管理する,急ぐ,調整する,1,業務を効率化する = nâng cao hiệu quả công việc
394,スケジュール・進捗,Reading,Section1,作業手順を見直して作業を（　　　）。,管理する,効率化する,防止する,講じる,2,作業を効率化する = nâng cao hiệu quả công việc
395,スケジュール・進捗,Reading,Section1,担当者の負担を（　　　）ため人員を増やした。,軽減する,急ぐ,守る,滞る,1,負担を軽減する = giảm gánh nặng
396,スケジュール・進捗,Reading,Section1,確認作業を徹底してミスを（　　　）。,効率化する,防ぐ,管理する,調整する,2,ミスを防ぐ = ngăn ngừa sai sót
397,スケジュール・進捗,Reading,Section1,同じトラブルの再発を（　　　）必要がある。,進める,軽減する,防止する,守る,3,再発を防止する = ngăn ngừa tái diễn
398,スケジュール・進捗,Reading,Section1,計画通りに作業を（　　　）。,防ぐ,講じる,急ぐ,進める,4,作業を進める = tiến hành công việc
399,スケジュール・進捗,Reading,Section1,問題解決のため対策を（　　　）。,講じる,管理する,効率化する,遅れる,1,対策を講じる = thực hiện biện pháp
400,スケジュール・進捗,Reading,Section1,クレーム対応のため対応を（　　　）必要がある。,守る,急ぐ,防ぐ,調整する,2,対応を急ぐ = khẩn trương xử lý
401,スケジュール・進捗,Reading,Section1,管理者は進捗を（　　　）ながら状況を確認した。,管理し,調整し,効率化し,防止し,1,進捗を管理する = quản lý tiến độ
402,スケジュール・進捗,Reading,Section1,繁忙期に備えて工程を（　　　）。,軽減する,管理する,急ぐ,調整する,2,工程を管理する = quản lý công đoạn
403,スケジュール・進捗,Reading,Section1,参加者全員の都合に合わせて日程を（　　　）。,防ぐ,守る,調整する,講じる,3,日程を調整する = điều chỉnh lịch trình
404,スケジュール・進捗,Reading,Section1,品質向上のためミスを（　　　）仕組みを導入した。,防ぐ,効率化する,急ぐ,管理する,1,ミスを防ぐ = ngăn ngừa sai sót
405,スケジュール・進捗,Reading,Section1,顧客への影響を避けるため対応を（　　　）。,講じる,守る,管理する,急ぐ,4,対応を急ぐ = khẩn trương xử lý
406,スケジュール・進捗,Reading,Section1,毎週の会議で進捗を（　　　）。,確認する,把握する,組む,配置する,1,進捗を確認する = xác nhận tiến độ
407,スケジュール・進捗,Reading,Section1,管理者は常に進捗を（　　　）必要がある。,見直す,把握する,解決する,引き継ぐ,2,進捗を把握する = nắm bắt tiến độ
408,スケジュール・進捗,Reading,Section1,生産効率向上のため工程を（　　　）。,配置する,削減する,見直す,組む,3,工程を見直す = rà soát quy trình
409,スケジュール・進捗,Reading,Section1,新プロジェクトのスケジュールを（　　　）。,改善する,解決する,引き継ぐ,組む,4,スケジュールを組む = lập lịch trình
410,スケジュール・進捗,Reading,Section1,まず全体の計画を（　　　）ことから始めよう。,立てる,見直す,配置する,省く,1,計画を立てる = lập kế hoạch
411,スケジュール・進捗,Reading,Section1,市場環境の変化に応じて計画を（　　　）。,解決する,見直す,引き継ぐ,整える,2,計画を見直す = rà soát kế hoạch
412,スケジュール・進捗,Reading,Section1,限られた時間の中では優先順位を（　　　）必要がある。,配置する,つける,省く,改善する,2,優先順位をつける = xác định ưu tiên
413,スケジュール・進捗,Reading,Section1,適材適所で人員を（　　　）。,配置する,削減する,解決する,組む,1,人員を配置する = bố trí nhân sự
414,スケジュール・進捗,Reading,Section1,生産性向上のため業務を（　　　）。,見直す,改善する,把握する,引き継ぐ,2,業務を改善する = cải thiện nghiệp vụ
415,スケジュール・進捗,Reading,Section1,品質向上のため工程を（　　　）。,配置する,解決する,改善する,組む,3,工程を改善する = cải thiện quy trình
416,スケジュール・進捗,Reading,Section1,作業手順を見直して無駄を（　　　）。,省く,引き継ぐ,立てる,把握する,1,無駄を省く = loại bỏ lãng phí
417,スケジュール・進捗,Reading,Section1,利益確保のためコストを（　　　）。,配置する,削減する,改善する,整える,2,コストを削減する = cắt giảm chi phí
418,スケジュール・進捗,Reading,Section1,チーム全員で問題を（　　　）。,組む,見直す,解決する,引き継ぐ,3,問題を解決する = giải quyết vấn đề
419,スケジュール・進捗,Reading,Section1,長年の課題を（　　　）ことができた。,立てる,配置する,改善する,解決する,4,課題を解決する = giải quyết vấn đề
420,スケジュール・進捗,Reading,Section1,残業してでも遅れを（　　　）必要がある。,取り戻す,省く,引き継ぐ,見直す,1,遅れを取り戻す = bù tiến độ
421,スケジュール・進捗,Reading,Section1,何とか納期に（　　　）よう努力している。,配置する,間に合わせる,解決する,整える,2,納期に間に合わせる = kịp hạn giao hàng
422,スケジュール・進捗,Reading,Section1,異動前に業務を（　　　）。,改善する,引き継ぐ,把握する,削減する,2,業務を引き継ぐ = bàn giao công việc
423,スケジュール・進捗,Reading,Section1,退職前に担当を（　　　）ことになった。,組む,解決する,引き継ぐ,見直す,3,担当を引き継ぐ = bàn giao phụ trách
424,スケジュール・進捗,Reading,Section1,新体制に向けて体制を（　　　）。,整える,配置する,削減する,把握する,1,体制を整える = hoàn thiện cơ cấu
425,スケジュール・進捗,Reading,Section1,会社全体で改善を（　　　）。,引き継ぐ,進める,間に合わせる,解決する,2,改善を進める = thúc đẩy cải tiến
426,事業戦略・成長,Reading,Section1,生産能力向上のため設備投資を（　　　）。,強化する,拡大する,行う,投入する,3,設備投資を行う = thực hiện đầu tư thiết bị
427,事業戦略・成長,Reading,Section1,次世代技術の技術開発を（　　　）。,進める,開拓する,高める,立ち上げる,1,技術開発を進める = thúc đẩy phát triển công nghệ
428,事業戦略・成長,Reading,Section1,来月、新製品を市場に（　　　）予定だ。,強化する,投入する,拡大する,行う,2,市場に投入する = tung ra thị trường
429,事業戦略・成長,Reading,Section1,新規事業を（　　　）ため専門チームを結成した。,立ち上げる,開拓する,高める,強化する,1,新規事業を立ち上げる = khởi động dự án mới
430,事業戦略・成長,Reading,Section1,海外需要の増加を受けて事業を（　　　）。,強化する,拡大する,投入する,行う,2,事業を拡大する = mở rộng kinh doanh
431,事業戦略・成長,Reading,Section1,アジア地域への海外展開を（　　　）。,開拓する,強化する,進める,高める,3,海外展開を進める = thúc đẩy mở rộng ra nước ngoài
432,事業戦略・成長,Reading,Section1,新たな顧客層を獲得するため市場を（　　　）。,開拓する,投入する,拡大する,行う,1,市場を開拓する = khai phá thị trường
433,事業戦略・成長,Reading,Section1,広告戦略によってブランド力を（　　　）。,高める,強化する,進める,開拓する,1,ブランド力を高める = nâng cao giá trị thương hiệu
434,事業戦略・成長,Reading,Section1,他社との差別化を図り競争力を（　　　）。,拡大する,強化する,投入する,行う,2,競争力を強化する = tăng cường năng lực cạnh tranh
435,事業戦略・成長,Reading,Section1,新規顧客の獲得によって収益力を（　　　）。,強化する,高める,開拓する,進める,1,収益力を強化する = tăng cường khả năng sinh lợi
436,事業戦略・成長,Reading,Section1,老朽化した設備を更新するため設備投資を（　　　）。,投入する,行う,拡大する,強化する,2,設備投資を行う = thực hiện đầu tư thiết bị
437,事業戦略・成長,Reading,Section1,企業は継続的に技術開発を（　　　）必要がある。,進める,開拓する,投入する,高める,1,技術開発を進める = thúc đẩy phát triển công nghệ
438,事業戦略・成長,Reading,Section1,需要拡大に合わせて新製品を（　　　）。,強化する,拡大する,投入する,行う,3,新製品を投入する = tung sản phẩm mới
439,事業戦略・成長,Reading,Section1,会社はIT分野の新規事業を（　　　）。,立ち上げる,強化する,高める,開拓する,1,新規事業を立ち上げる = khởi động dự án mới
440,事業戦略・成長,Reading,Section1,好調な業績を背景に事業を（　　　）。,行う,拡大する,進める,投入する,2,事業を拡大する = mở rộng kinh doanh
441,事業戦略・成長,Reading,Section1,欧州市場への海外展開を（　　　）計画だ。,高める,強化する,進める,開拓する,3,海外展開を進める = thúc đẩy mở rộng ra nước ngoài
442,事業戦略・成長,Reading,Section1,未開拓地域の市場を（　　　）。,開拓する,拡大する,行う,強化する,1,市場を開拓する = khai phá thị trường
443,事業戦略・成長,Reading,Section1,SNSを活用してブランド力を（　　　）。,強化する,高める,進める,投入する,2,ブランド力を高める = nâng cao giá trị thương hiệu
444,事業戦略・成長,Reading,Section1,研究開発への投資で競争力を（　　　）。,拡大する,強化する,開拓する,行う,2,競争力を強化する = tăng cường năng lực cạnh tranh
445,事業戦略・成長,Reading,Section1,利益率改善によって収益力を（　　　）。,高める,行う,進める,強化する,4,収益力を強化する = tăng cường khả năng sinh lợi
446,事業戦略・成長,Reading,Section1,アジア各国で事業を（　　　）。,展開する,撤退する,策定する,獲得する,1,事業を展開する = triển khai hoạt động kinh doanh
447,事業戦略・成長,Reading,Section1,経営効率向上のため事業を（　　　）。,活用する,再編する,開拓する,促進する,2,事業を再編する = tái cơ cấu hoạt động kinh doanh
448,事業戦略・成長,Reading,Section1,業績不振のためその事業から（　　　）。,撤退する,拡大する,活用する,策定する,1,事業から撤退する = rút khỏi lĩnh vực kinh doanh
449,事業戦略・成長,Reading,Section1,海外企業が日本の新市場に（　　　）。,開拓する,参入する,拡大する,確保する,2,市場に参入する = gia nhập thị trường
450,事業戦略・成長,Reading,Section1,新規顧客獲得のため販路を（　　　）。,拡大する,促進する,活用する,打ち出す,1,販路を拡大する = mở rộng kênh tiêu thụ
451,事業戦略・成長,Reading,Section1,キャンペーンを実施して販売を（　　　）。,開拓する,促進する,策定する,獲得する,2,販売を促進する = thúc đẩy bán hàng
452,事業戦略・成長,Reading,Section1,新たな顧客層の需要を（　　　）。,開拓する,拡大する,活用する,確保する,1,需要を開拓する = khai thác nhu cầu
453,事業戦略・成長,Reading,Section1,新商品の投入で市場シェアを（　　　）。,獲得する,拡大する,活用する,打ち出す,2,市場シェアを拡大する = mở rộng thị phần
454,事業戦略・成長,Reading,Section1,競合他社からシェアを（　　　）ことに成功した。,拡大する,促進する,獲得する,活用する,3,シェアを獲得する = giành thị phần
455,事業戦略・成長,Reading,Section1,安定した利益を（　　　）ことが重要だ。,確保する,拡大する,策定する,展開する,1,利益を確保する = đảm bảo lợi nhuận
456,事業戦略・成長,Reading,Section1,新規事業によって利益を（　　　）。,活用する,拡大する,開拓する,打ち出す,2,利益を拡大する = gia tăng lợi nhuận
457,事業戦略・成長,Reading,Section1,海外展開によって売上を（　　　）。,伸ばす,確保する,活用する,撤退する,1,売上を伸ばす = tăng doanh thu
458,事業戦略・成長,Reading,Section1,業務改善により業績を（　　　）。,活用する,獲得する,向上させる,打ち出す,3,業績を向上させる = cải thiện kết quả kinh doanh
459,事業戦略・成長,Reading,Section1,組織改革によって経営を（　　　）。,改善する,確保する,展開する,開拓する,1,経営を改善する = cải thiện quản lý
460,事業戦略・成長,Reading,Section1,社内の経営資源を（　　　）ことが求められる。,拡大する,活用する,撤退する,打ち出す,2,経営資源を活用する = tận dụng nguồn lực
461,事業戦略・成長,Reading,Section1,利益率向上のためコストを（　　　）。,削減する,獲得する,展開する,策定する,1,コストを削減する = cắt giảm chi phí
462,事業戦略・成長,Reading,Section1,商品の付加価値を（　　　）ことで差別化を図る。,高める,拡大する,活用する,撤退する,1,付加価値を高める = nâng cao giá trị gia tăng
463,事業戦略・成長,Reading,Section1,今後の成長戦略を（　　　）必要がある。,打ち出す,策定する,開拓する,促進する,2,成長戦略を策定する = xây dựng chiến lược tăng trưởng
464,事業戦略・成長,Reading,Section1,新社長が新たな経営方針を（　　　）。,打ち出す,獲得する,活用する,確保する,1,経営方針を打ち出す = đưa ra phương châm quản lý
465,事業戦略・成長,Reading,Section1,来年度の中長期計画を（　　　）。,展開する,開拓する,策定する,撤退する,3,中長期計画を策定する = xây dựng kế hoạch trung dài hạn
466,敬語・メール,Reading,Section1,詳細が分かり次第、改めて（　　　）。,ご連絡申し上げる,ご確認いただく,ご対応いただく,ご理解を賜る,1,改めてご連絡申し上げる = sẽ liên hệ lại
467,敬語・メール,Reading,Section1,添付資料をご（　　　）ください。,ご対応いただき,ご確認いただき,ご検討いただき,ご承認いただき,2,資料をご確認いただく = xác nhận tài liệu
468,敬語・メール,Reading,Section1,お忙しいところ恐れ入りますが、ご（　　　）お願いいたします。,ご対応いただき,ご確認いただき,ご理解を賜り,資料を添付し,1,ご対応お願いいたします = mong hỗ trợ xử lý
469,敬語・メール,Reading,Section1,ご都合のよろしい際にご（　　　）いただけますと幸いです。,ご連絡,ご確認,ご検討,ご対応,3,ご検討いただけますと幸いです = mong xem xét
470,敬語・メール,Reading,Section1,関連資料を（　　　）のでご確認ください。,転送する,添付する,共有する,連絡する,2,資料を添付する = đính kèm tài liệu
471,敬語・メール,Reading,Section1,担当者からのメールを（　　　）いたします。,添付,共有,転送,検討,3,メールを転送する = chuyển tiếp email
472,敬語・メール,Reading,Section1,会議の内容を社内で（　　　）。,共有する,添付する,確認する,転送する,1,内容を共有する = chia sẻ nội dung
473,敬語・メール,Reading,Section1,送信前に念のため（　　　）ください。,ご理解,確認して,ご連絡,ご検討,2,確認してください = vui lòng kiểm tra
474,敬語・メール,Reading,Section1,詳細が判明しましたら改めて（　　　）いたします。,ご確認,ご対応,ご連絡,ご理解,3,改めてご連絡いたします = sẽ liên hệ lại
475,敬語・メール,Reading,Section1,少々お（　　　）ことになりますが、よろしくお願いいたします。,お時間をいただく,お手数をおかけする,ご確認いただく,ご了承いただく,1,お時間をいただく = xin thêm thời gian
476,敬語・メール,Reading,Section1,ご不便をおかけし、お（　　　）申し訳ございません。,ご理解を賜り,お時間をいただき,お手数をおかけし,ご確認いただき,3,お手数をおかけし申し訳ございません
477,敬語・メール,Reading,Section1,現在確認中のため、返信が（　　　）おります。,遅れて,添付して,転送して,共有して,1,返信が遅れております = phản hồi bị chậm
478,敬語・メール,Reading,Section1,事情をご説明のうえ、ご（　　　）たく存じます。,承り,理解を賜り,検討いただき,対応いただき,2,ご理解を賜りたく存じます
479,敬語・メール,Reading,Section1,本件につきましてご（　　　）いただけますでしょうか。,確認,理解,了承,添付,3,ご了承いただけますでしょうか
480,敬語・メール,Reading,Section1,進捗があり次第、改めて（　　　）いたします。,ご連絡,ご確認,ご対応,ご了承,1,改めてご連絡いたします
481,敬語・メール,Reading,Section1,内容に問題がないかご（　　　）ください。,対応,確認,理解,転送,2,ご確認ください = vui lòng xác nhận
482,敬語・メール,Reading,Section1,ご多忙中とは存じますが、ご（　　　）お願いいたします。,理解,検討,添付,転送,2,ご検討お願いいたします = mong xem xét
483,敬語・メール,Reading,Section1,参考までに関連メールを（　　　）いたします。,添付,転送,共有,連絡,2,メールを転送いたします
484,敬語・メール,Reading,Section1,社内関係者にも内容を（　　　）予定です。,添付する,転送する,共有する,確認する,3,内容を共有する = chia sẻ nội dung
485,敬語・メール,Reading,Section1,ご迷惑をおかけしますが、何卒ご（　　　）ください。,対応,理解,転送,添付,2,何卒ご理解ください = mong thông cảm
486,敬語・メール,Reading,Section1,ご確認後、ご（　　　）いただけますと幸いです。,ご返信,ご準備,ご承認,ご査収,1,ご返信いただけますと幸いです = mong nhận được phản hồi
487,敬語・メール,Reading,Section1,本件につきましてご（　　　）をお願いいたします。,ご回答,ご協力,ご連絡,ご返信,2,ご協力をお願いいたします = mong hợp tác
488,敬語・メール,Reading,Section1,会議資料を事前に（　　　）ください。,ご回答,ご承認,ご準備,ご連絡,3,ご準備ください = vui lòng chuẩn bị
489,敬語・メール,Reading,Section1,ご不明な点がございましたら、ご（　　　）ください。,ご回答,ご承認,ご返信,ご連絡,4,ご連絡ください = vui lòng liên hệ
490,敬語・メール,Reading,Section1,アンケートについてご（　　　）いただけますでしょうか。,ご回答,ご協力,ご連絡,ご査収,1,ご回答いただけますでしょうか
491,敬語・メール,Reading,Section1,申請内容をご確認のうえ、ご（　　　）ください。,ご返信,ご承認,ご準備,ご連絡,2,ご承認ください = vui lòng phê duyệt
492,敬語・メール,Reading,Section1,添付資料を（　　　）ください。,ご査収,ご回答,ご連絡,ご協力,1,ご査収ください = xin nhận và kiểm tra
493,敬語・メール,Reading,Section1,詳細につきましては、まず（　　　）ください。,ご承認,ご返信,ご一読,ご査収,3,ご一読ください = vui lòng đọc qua
494,敬語・メール,Reading,Section1,添付資料につきまして、ご（　　　）。,ご対応のほどお願いいたします,ご検討のほどお願いいたします,ご確認のほどお願いいたします,ご教示ください,3,ご確認のほどお願いいたします
495,敬語・メール,Reading,Section1,不具合が発生しておりますので、ご（　　　）。,ご確認のほどお願いいたします,ご対応のほどお願いいたします,ご検討のほどお願いいたします,ご教示ください,2,ご対応のほどお願いいたします
496,敬語・メール,Reading,Section1,ご提案内容につきまして、ご（　　　）。,ご検討のほどお願いいたします,ご対応のほどお願いいたします,ご確認のほどお願いいたします,ご教示ください,1,ご検討のほどお願いいたします
497,敬語・メール,Reading,Section1,操作方法について（　　　）。,ご査収ください,ご教示ください,ご承認ください,ご一読ください,2,ご教示ください = xin chỉ dẫn
498,敬語・メール,Reading,Section1,詳細が分かり次第、改めて（　　　）。,ご報告申し上げます,ご連絡申し上げます,確認いたしました,承知いたしました,2,ご連絡申し上げます
499,敬語・メール,Reading,Section1,進捗につきましてご（　　　）。,ご連絡申し上げます,ご報告申し上げます,ご教示ください,ご承認ください,2,ご報告申し上げます
500,敬語・メール,Reading,Section1,ご説明いただいた内容、（　　　）。,確認いたしました,対応いたします,承知いたしました,検討いたします,3,承知いたしました = đã hiểu và tiếp nhận
501,敬語・メール,Reading,Section1,ご依頼の件、（　　　）。,かしこまりました,確認いたしました,検討いたします,ご報告申し上げます,1,かしこまりました = đã tiếp nhận yêu cầu
502,敬語・メール,Reading,Section1,資料を（　　　）。,対応いたします,確認いたしました,承知いたしました,検討いたします,2,確認いたしました = đã xác nhận tài liệu
503,敬語・メール,Reading,Section1,ご提案内容について社内で（　　　）。,承知いたしました,対応いたします,検討いたします,確認いたしました,3,検討いたします = sẽ xem xét
504,敬語・メール,Reading,Section1,ご指摘いただいた件につきまして早急に（　　　）。,対応いたします,検討いたします,承知いたしました,確認いたしました,1,対応いたします = sẽ xử lý
505,敬語・メール,Reading,Section1,詳細は後ほどご説明いたします。取り急ぎ（　　　）。,ご報告申し上げます,ご連絡まで,ご査収ください,ご教示ください,2,取り急ぎご連絡まで = trước mắt xin thông báo
506,契約・取引,Reading,Section1,取引先と納期や価格などの条件を（　　　）。,見出す,詰める,打ち切る,仰ぐ,2,条件を詰める = thảo luận chi tiết điều kiện
507,契約・取引,Reading,Section1,販売促進のため価格を（　　　）ことになった。,引き下げる,拡大する,一致する,納得する,1,価格を引き下げる = giảm giá
508,契約・取引,Reading,Section1,大量購入を条件に値引きに（　　　）。,見出す,応じる,打ち切る,折り合う,2,値引きに応じる = đồng ý giảm giá
509,契約・取引,Reading,Section1,業績好調を受けて取引を（　　　）。,拡大する,仰ぐ,一致する,見出す,1,取引を拡大する = mở rộng giao dịch
510,契約・取引,Reading,Section1,度重なる契約違反により取引を（　　　）。,納得する,一致する,打ち切る,応じる,3,取引を打ち切る = chấm dứt giao dịch
511,契約・取引,Reading,Section1,両社の利害が（　　　）ため契約は順調に進んだ。,拡大した,一致した,打ち切った,仰いだ,2,利害が一致する = lợi ích trùng khớp
512,契約・取引,Reading,Section1,双方が納得できる妥協点を（　　　）。,見出す,応じる,引き下げる,一致する,1,妥協点を見出す = tìm điểm thỏa hiệp
513,契約・取引,Reading,Section1,条件面で折り合えず交渉が（　　　）。,一致する,難航する,仰ぐ,拡大する,2,交渉が難航する = đàm phán bế tắc
514,契約・取引,Reading,Section1,最終的に取引先との合意を（　　　）ことができた。,打ち切る,見出す,取り付ける,応じる,3,合意を取り付ける = đạt được thỏa thuận
515,契約・取引,Reading,Section1,重要案件のため社長の最終判断を（　　　）。,仰ぐ,一致する,引き下げる,拡大する,1,判断を仰ぐ = xin ý kiến quyết định
516,契約・取引,Reading,Section1,価格と納期の両面で双方が（　　　）結果となった。,打ち切った,納得した,応じた,仰いだ,2,双方が納得する = cả hai bên hài lòng
517,契約・取引,Reading,Section1,最終契約に向けて条件面で（　　　）必要がある。,折り合う,一致する,拡大する,見出す,1,条件で折り合う = đạt thỏa thuận điều kiện
518,契約・取引,Reading,Section1,契約締結前に細かな条件を（　　　）。,詰める,応じる,仰ぐ,打ち切る,1,条件を詰める = chốt chi tiết điều kiện
519,契約・取引,Reading,Section1,競争激化に伴い販売価格を（　　　）。,見出す,引き下げる,一致する,納得する,2,販売価格を引き下げる
520,契約・取引,Reading,Section1,長年の取引実績を考慮して値引きに（　　　）。,応じる,打ち切る,拡大する,仰ぐ,1,値引きに応じる
521,契約・取引,Reading,Section1,新商品の成功により取引を（　　　）方針だ。,一致する,拡大する,見出す,納得する,2,取引を拡大する
522,契約・取引,Reading,Section1,契約条件で意見が対立し交渉が（　　　）。,難航した,一致した,仰いだ,応じた,1,交渉が難航した
523,契約・取引,Reading,Section1,何度も協議を重ねた結果、合意を（　　　）。,打ち切った,取り付けた,引き下げた,見出した,2,合意を取り付ける
524,契約・取引,Reading,Section1,重要な判断のため会長の最終判断を（　　　）。,仰ぐ,納得する,一致する,拡大する,1,会長の判断を仰ぐ
525,契約・取引,Reading,Section1,双方の希望条件に近いところで（　　　）ことになった。,打ち切る,応じる,折り合う,見出す,3,折り合う = đi đến thỏa hiệp
526,契約・取引,Reading,Section1,取引先に新しい条件を（　　　）。,提示する,更新する,獲得する,調整する,1,条件を提示する = đưa ra điều kiện
527,契約・取引,Reading,Section1,契約内容の変更に伴い条件を（　　　）。,のむ,見直す,締結する,提出する,2,条件を見直す = rà soát điều kiện
528,契約・取引,Reading,Section1,最終的に先方の条件を（　　　）ことにした。,依頼する,提示する,のむ,作成する,3,条件をのむ = chấp nhận điều kiện
529,契約・取引,Reading,Section1,契約前に価格交渉を（　　　）。,行う,獲得する,開拓する,更新する,1,価格交渉を行う = đàm phán giá
530,契約・取引,Reading,Section1,原材料高騰にもかかわらず価格を（　　　）。,見直す,据え置く,調整する,解除する,2,価格を据え置く = giữ nguyên giá
531,契約・取引,Reading,Section1,両社は正式に契約を（　　　）。,更新する,見直す,締結する,開始する,3,契約を締結する = ký kết hợp đồng
532,契約・取引,Reading,Section1,来年度も契約を（　　　）予定だ。,更新する,作成する,提出する,開拓する,1,契約を更新する = gia hạn hợp đồng
533,契約・取引,Reading,Section1,重大な契約違反のため契約を（　　　）。,見直す,締結する,開始する,解除する,4,契約を解除する = hủy hợp đồng
534,契約・取引,Reading,Section1,取引条件変更のため契約を（　　　）。,見直す,更新する,開拓する,獲得する,1,契約を見直す = rà soát hợp đồng
535,契約・取引,Reading,Section1,大口顧客から発注を（　　　）。,獲得する,受ける,提示する,作成する,2,発注を受ける = nhận đơn hàng
536,契約・取引,Reading,Section1,競争の末、大型案件の受注を（　　　）。,受ける,調整する,獲得する,更新する,3,受注を獲得する = giành đơn hàng
537,契約・取引,Reading,Section1,顧客の要望に合わせて納期を（　　　）。,調整する,見直す,のむ,提示する,1,納期を調整する = điều chỉnh thời hạn
538,契約・取引,Reading,Section1,信頼維持のため納期を（　　　）ことが重要だ。,更新する,守る,締結する,開始する,2,納期を守る = tuân thủ thời hạn
539,契約・取引,Reading,Section1,まず見積もりを（　　　）したいのですが。,依頼する,提出する,作成する,調整する,1,見積もりを依頼する = yêu cầu báo giá
540,契約・取引,Reading,Section1,取引先へ見積もりを（　　　）。,作成する,提出する,開拓する,のむ,2,見積もりを提出する = nộp báo giá
541,契約・取引,Reading,Section1,営業担当者が見積もりを（　　　）。,提示する,作成する,更新する,獲得する,2,見積もりを作成する = lập báo giá
542,契約・取引,Reading,Section1,長時間の協議の末、合意を（　　　）。,得る,開始する,提出する,見直す,1,合意を得る = đạt được đồng thuận
543,契約・取引,Reading,Section1,両社は最終的に合意に（　　　）。,得る,至る,のむ,更新する,2,合意に至る = đi đến thống nhất
544,契約・取引,Reading,Section1,新しい取引を（　　　）ことになった。,開始する,獲得する,調整する,見直す,1,取引を開始する = bắt đầu giao dịch
545,契約・取引,Reading,Section1,海外市場で新たな取引先を（　　　）。,開拓する,締結する,提示する,据え置く,1,取引先を開拓する = khai thác đối tác mới
546,人事・組織,Reading,Section1,新入社員には早く能力を（　　　）してほしい。,採用,発揮,配置,見直し,2,能力を発揮する = phát huy năng lực
547,人事・組織,Reading,Section1,困難な状況でも実力を（　　　）ことが重要だ。,発揮する,積む,磨く,高める,1,実力を発揮する = phát huy thực lực
548,人事・組織,Reading,Section1,現場で多くの経験を（　　　）ことができた。,配置する,採用する,積む,見直す,3,経験を積む = tích lũy kinh nghiệm
549,人事・組織,Reading,Section1,専門知識を学びながらスキルを（　　　）。,配置する,磨く,発揮する,積む,2,スキルを磨く = trau dồi kỹ năng
550,人事・組織,Reading,Section1,事業拡大のため優秀な人材を（　　　）。,採用する,発揮する,高める,見直す,1,人材を採用する = tuyển dụng nhân tài
551,人事・組織,Reading,Section1,各部署に必要な人材を（　　　）。,積む,磨く,配置する,発揮する,3,人材を配置する = bố trí nhân sự
552,人事・組織,Reading,Section1,社員を適材適所に（　　　）ことが大切だ。,配置する,見直す,高める,採用する,1,適材適所に配置する
553,人事・組織,Reading,Section1,会社は評価制度を（　　　）ことにした。,発揮する,見直す,積む,採用する,2,評価制度を見直す
554,人事・組織,Reading,Section1,社員のモチベーションを（　　　）施策を実施する。,発揮する,配置する,高める,積む,3,モチベーションを高める
555,人事・組織,Reading,Section1,彼は責任感が（　　　）社員として知られている。,磨い,積んだ,高い,強い,4,責任感が強い = tinh thần trách nhiệm cao
556,人事・組織,Reading,Section1,市場の変化に柔軟に（　　　）必要がある。,対応する,採用する,発揮する,積む,1,変化に対応する = ứng phó thay đổi
557,人事・組織,Reading,Section1,新卒でも即戦力として（　　　）人材だ。,見直す,期待する,高める,発揮する,2,即戦力として期待する
558,人事・組織,Reading,Section1,若手社員には能力を（　　　）機会を与えたい。,発揮する,採用する,見直す,配置する,1,能力を発揮する機会
559,人事・組織,Reading,Section1,海外勤務を通じて経験を（　　　）。,配置した,積んだ,高めた,採用した,2,経験を積む
560,人事・組織,Reading,Section1,継続的な学習によってスキルを（　　　）。,磨いた,発揮した,配置した,見直した,1,スキルを磨く
561,人事・組織,Reading,Section1,業務量増加に伴い人材を（　　　）。,積む,発揮する,採用する,高める,3,人材を採用する
562,人事・組織,Reading,Section1,適材適所に人材を（　　　）ことで効率が向上した。,配置する,見直す,磨く,発揮する,1,人材を配置する
563,人事・組織,Reading,Section1,社員の声を反映して評価を（　　　）。,発揮した,見直した,積んだ,採用した,2,評価を見直す
564,人事・組織,Reading,Section1,表彰制度によってモチベーションを（　　　）。,高めた,配置した,発揮した,採用した,1,モチベーションを高める
565,人事・組織,Reading,Section1,環境変化にも柔軟に（　　　）人材が求められる。,発揮する,対応する,積む,見直す,2,柔軟に対応する人材
566,リスク・問題対応,Reading,Section1,新規事業には大きなリスクを（　　　）。,被る,問われる,伴う,懸念する,3,リスクを伴う = đi kèm rủi ro
567,リスク・問題対応,Reading,Section1,システム障害により多額の損害を（　　　）。,被る,広がる,陥る,究明する,1,損害を被る = chịu thiệt hại
568,リスク・問題対応,Reading,Section1,事故の影響が全国に（　　　）。,生じる,広がる,問われる,揺らぐ,2,影響が広がる = ảnh hưởng lan rộng
569,リスク・問題対応,Reading,Section1,システム停止によって現場に混乱が（　　　）。,生じる,被る,悪化する,究明する,1,混乱が生じる = phát sinh hỗn loạn
570,リスク・問題対応,Reading,Section1,この製品には安全性が（　　　）。,問われる,揺らぐ,懸念される,陥る,3,安全性が懸念される
571,リスク・問題対応,Reading,Section1,不祥事によって企業への信頼が（　　　）。,広がる,揺らぐ,被る,生じる,2,信頼が揺らぐ = niềm tin lung lay
572,リスク・問題対応,Reading,Section1,売上低迷により経営が（　　　）。,悪化する,問われる,究明する,懸念する,1,経営が悪化する
573,リスク・問題対応,Reading,Section1,資金繰りが悪化し経営危機に（　　　）。,被る,陥る,広がる,生じる,2,危機に陥る = rơi vào khủng hoảng
574,リスク・問題対応,Reading,Section1,重大事故の発生で管理者の責任が（　　　）。,懸念される,揺らぐ,問われる,被る,3,責任が問われる
575,リスク・問題対応,Reading,Section1,事故原因を徹底的に（　　　）必要がある。,究明する,悪化する,広がる,問われる,1,原因を究明する
576,リスク・問題対応,Reading,Section1,海外進出には一定のリスクを（　　　）。,伴う,揺らぐ,生じる,被る,1,リスクを伴う
577,リスク・問題対応,Reading,Section1,台風によって農家が大きな損害を（　　　）。,問われる,被る,懸念される,究明する,2,損害を被る
578,リスク・問題対応,Reading,Section1,情報漏えいの影響が社会全体に（　　　）。,広がる,陥る,悪化する,生じる,1,影響が広がる
579,リスク・問題対応,Reading,Section1,急な方針変更で社内に混乱が（　　　）。,問われる,揺らぐ,生じる,被る,3,混乱が生じる
580,リスク・問題対応,Reading,Section1,老朽化した設備は安全性が（　　　）。,懸念される,悪化する,広がる,究明する,1,安全性が懸念される
581,リスク・問題対応,Reading,Section1,不適切な対応により顧客の信頼が（　　　）。,問われる,生じる,揺らぐ,陥る,3,信頼が揺らぐ
582,リスク・問題対応,Reading,Section1,業績悪化により経営がさらに（　　　）。,悪化する,伴う,被る,究明する,1,経営が悪化する
583,リスク・問題対応,Reading,Section1,過剰投資によって経営危機に（　　　）可能性がある。,問われる,陥る,広がる,懸念する,2,危機に陥る
584,リスク・問題対応,Reading,Section1,品質問題が発覚し企業の責任が（　　　）。,問われる,揺らぐ,生じる,被る,1,責任が問われる
585,リスク・問題対応,Reading,Section1,再発防止のため原因を（　　　）。,悪化する,広がる,究明する,懸念する,3,原因を究明する